,Entity,Code,Year,Solar Capacity
0,Africa,DZA,-1.6744938164319783,-0.22551620189113727
1,Africa,DZA,-1.540898296500236,-0.22547918025635966
2,Africa,DZA,-1.4073027765684938,-0.22544215862523878
3,Africa,DZA,-1.2737072566367516,-0.22538662616850144
4,Africa,DZA,-1.140111736705009,-0.22533675575240103
5,Africa,DZA,-1.0065162167732669,-0.22529832356233026
6,Africa,DZA,-0.8729206968415246,-0.22525784356816808
7,Africa,DZA,-0.7393251769097824,-0.22520708816910812
8,Africa,DZA,-0.60572965697804,-0.225134374156647
9,Africa,DZA,-0.4721341370462978,-0.22506180639501108
10,Africa,DZA,-0.3385386171145555,-0.22490999734364728
11,Africa,DZA,-0.20494309718281326,-0.22468349959200173
12,Africa,DZA,-0.07134757725107096,-0.22437785209680683
13,Africa,DZA,0.06224794268067132,-0.22358302570438068
14,Africa,DZA,0.1958434626124136,-0.221992403996384
15,Africa,DZA,0.3294389825441559,-0.2206659991499143
16,Africa,DZA,0.46303450247589817,-0.21921124316041504
17,Africa,DZA,0.5966300224076404,-0.2133418477780526
18,Africa,DZA,0.7302255423393827,-0.1967741835041573
19,Africa,DZA,0.863821062271125,-0.19023520470868568
20,Africa,DZA,0.9974165822028672,-0.17089740463290218
21,Africa,DZA,1.1310121021346096,-0.13940116771905856
22,Africa,DZA,1.2646076220663518,-0.09370660669127774
23,Africa,DZA,1.398203141998094,-0.07167388970284008
24,Africa,DZA,1.5317986619298365,-0.0481146900106433
25,Africa,DZA,1.6653941818615787,-0.037173742383863936
26,Africa (BP),DZA,-1.6744938164319783,-0.2255180302549981
27,Africa (BP),DZA,-1.540898296500236,-0.22548100862204884
28,Africa (BP),DZA,-1.4073027765684938,-0.2254439869890996
29,Africa (BP),DZA,-1.2737072566367516,-0.2253884545506459
30,Africa (BP),DZA,-1.140111736705009,-0.22533675575240103
31,Africa (BP),DZA,-1.0065162167732669,-0.22529832354404664
32,Africa (BP),DZA,-0.8729206968415246,-0.22525784356816808
33,Africa (BP),DZA,-0.7393251769097824,-0.22520708818739174
34,Africa (BP),DZA,-0.60572965697804,-0.225134374156647
35,Africa (BP),DZA,-0.4721341370462978,-0.22506180639501108
36,Africa (BP),DZA,-0.3385386171145555,-0.22490999734364728
37,Africa (BP),DZA,-0.20494309718281326,-0.224683499628569
38,Africa (BP),DZA,-0.07134757725107096,-0.2243778520419559
39,Africa (BP),DZA,0.06224794268067132,-0.22358302570438068
40,Africa (BP),DZA,0.1958434626124136,-0.221992403996384
41,Africa (BP),DZA,0.3294389825441559,-0.2206659991499143
42,Africa (BP),DZA,0.46303450247589817,-0.21921124316041504
43,Africa (BP),DZA,0.5966300224076404,-0.2133418477780526
44,Africa (BP),DZA,0.7302255423393827,-0.1967741835041573
45,Africa (BP),DZA,0.863821062271125,-0.19023520470868568
46,Africa (BP),DZA,0.9974165822028672,-0.17089740463290218
47,Africa (BP),DZA,1.1310121021346096,-0.13940116771905856
48,Africa (BP),DZA,1.2646076220663518,-0.09370660669127774
49,Africa (BP),DZA,1.398203141998094,-0.07167388970284008
50,Africa (BP),DZA,1.5317986619298365,-0.0481146900106433
51,Africa (BP),DZA,1.6653941818615787,-0.037173742383863936
52,Algeria,DZA,-1.6744938164319783,-0.22553654107147272
53,Algeria,DZA,-1.540898296500236,-0.22553654107147272
54,Algeria,DZA,-1.4073027765684938,-0.22553654107147272
55,Algeria,DZA,-1.2737072566367516,-0.22553654107147272
56,Algeria,DZA,-1.140111736705009,-0.22553654107147272
57,Algeria,DZA,-1.0065162167732669,-0.22553654107147272
58,Algeria,DZA,-0.8729206968415246,-0.22553654107147272
59,Algeria,DZA,-0.7393251769097824,-0.22553654107147272
60,Algeria,DZA,-0.60572965697804,-0.22553654107147272
61,Algeria,DZA,-0.4721341370462978,-0.22553654107147272
62,Algeria,DZA,-0.3385386171145555,-0.22553654107147272
63,Algeria,DZA,-0.20494309718281326,-0.22553654107147272
64,Algeria,DZA,-0.07134757725107096,-0.22553654107147272
65,Algeria,DZA,0.06224794268067132,-0.22553654107147272
66,Algeria,DZA,0.1958434626124136,-0.22553654107147272
67,Algeria,DZA,0.3294389825441559,-0.22553654107147272
68,Algeria,DZA,0.46303450247589817,-0.22553654107147272
69,Algeria,DZA,0.5966300224076404,-0.22553654107147272
70,Algeria,DZA,0.7302255423393827,-0.22551642906900374
71,Algeria,DZA,0.863821062271125,-0.22463881441581063
72,Algeria,DZA,0.9974165822028672,-0.22153059585241838
73,Algeria,DZA,1.1310121021346096,-0.21822308562819684
74,Algeria,DZA,1.2646076220663518,-0.21780256194020847
75,Algeria,DZA,1.398203141998094,-0.21780256194020847
76,Algeria,DZA,1.5317986619298365,-0.21780256194020847
77,Algeria,DZA,1.6653941818615787,-0.21780256194020847
78,Argentina,ARG,-1.6744938164319783,-0.22553654107147272
79,Argentina,ARG,-1.540898296500236,-0.22553654107147272
80,Argentina,ARG,-1.4073027765684938,-0.22553654107147272
81,Argentina,ARG,-1.2737072566367516,-0.22553654107147272
82,Argentina,ARG,-1.140111736705009,-0.2255360839805075
83,Argentina,ARG,-1.0065162167732669,-0.2255360656968689
84,Argentina,ARG,-0.8729206968415246,-0.2255360656968689
85,Argentina,ARG,-0.7393251769097824,-0.2255360656968689
86,Argentina,ARG,-0.60572965697804,-0.2255360656968689
87,Argentina,ARG,-0.4721341370462978,-0.2255360656968689
88,Argentina,ARG,-0.3385386171145555,-0.2255360656968689
89,Argentina,ARG,-0.20494309718281326,-0.2255360656968689
90,Argentina,ARG,-0.07134757725107096,-0.2255360656968689
91,Argentina,ARG,0.06224794268067132,-0.2255360656968689
92,Argentina,ARG,0.1958434626124136,-0.2255360656968689
93,Argentina,ARG,0.3294389825441559,-0.22551364995593529
94,Argentina,ARG,0.46303450247589817,-0.22542223176289433
95,Argentina,ARG,0.5966300224076404,-0.22538557306748488
96,Argentina,ARG,0.7302255423393827,-0.22538566448567793
97,Argentina,ARG,0.863821062271125,-0.22537897267394735
98,Argentina,ARG,0.9974165822028672,-0.22537553534988902
99,Argentina,ARG,1.1310121021346096,-0.22537553534988902
100,Argentina,ARG,1.2646076220663518,-0.22204005115859696
101,Argentina,ARG,1.398203141998094,-0.21745314332276736
102,Argentina,ARG,1.5317986619298365,-0.21156537288360366
103,Argentina,ARG,1.6653941818615787,-0.20594807231037093
104,Asia,ARG,-1.6744938164319783,-0.22442123911637316
105,Asia,ARG,-1.540898296500236,-0.22382153577002453
106,Asia,ARG,-1.4073027765684938,-0.22298963021335189
107,Asia,ARG,-1.2737072566367516,-0.22148854348361954
108,Asia,ARG,-1.140111736705009,-0.21875111711120135
109,Asia,ARG,-1.0065162167732669,-0.2162808150645216
110,Asia,ARG,-0.8729206968415246,-0.2125158295530118
111,Asia,ARG,-0.7393251769097824,-0.20815209181003375
112,Asia,ARG,-0.60572965697804,-0.20284643585687762
113,Asia,ARG,-0.4721341370462978,-0.19608829291377353
114,Asia,ARG,-0.3385386171145555,-0.18947233817139758
115,Asia,ARG,-0.20494309718281326,-0.18350289471857112
116,Asia,ARG,-0.07134757725107096,-0.17291602803707795
117,Asia,ARG,0.06224794268067132,-0.15670620748129444
118,Asia,ARG,0.1958434626124136,-0.12261311246538015
119,Asia,ARG,0.3294389825441559,-0.04482014288619497
120,Asia,ARG,0.46303450247589817,0.0769788754116661
121,Asia,ARG,0.5966300224076404,0.44322688741335176
122,Asia,ARG,0.7302255423393827,0.8928842736691635
123,Asia,ARG,0.863821062271125,1.4490366876313459
124,Asia,ARG,0.9974165822028672,2.3826888647946936
125,Asia,ARG,1.1310121021346096,3.747697054476214
126,Asia,ARG,1.2646076220663518,4.976751764194956
127,Asia,ARG,1.398203141998094,6.068060466021775
128,Asia,ARG,1.5317986619298365,7.519477863111145
129,Asia,ARG,1.6653941818615787,8.945102896888713
130,Asia Pacific (BP),ARG,-1.6744938164319783,-0.22412870089864212
131,Asia Pacific (BP),ARG,-1.540898296500236,-0.22347963172805138
132,Asia Pacific (BP),ARG,-1.4073027765684938,-0.22257459161694598
133,Asia Pacific (BP),ARG,-1.2737072566367516,-0.22103876597385805
134,Asia Pacific (BP),ARG,-1.140111736705009,-0.21830252803794942
135,Asia Pacific (BP),ARG,-1.0065162167732669,-0.21576283921707884
136,Asia Pacific (BP),ARG,-0.8729206968415246,-0.21191192096978329
137,Asia Pacific (BP),ARG,-0.7393251769097824,-0.2074640784892076
138,Asia Pacific (BP),ARG,-0.60572965697804,-0.20204012739425645
139,Asia Pacific (BP),ARG,-0.4721341370462978,-0.19520085811828394
140,Asia Pacific (BP),ARG,-0.3385386171145555,-0.188436039818724
141,Asia Pacific (BP),ARG,-0.20494309718281326,-0.1823321933384887
142,Asia Pacific (BP),ARG,-0.07134757725107096,-0.17157415523234573
143,Asia Pacific (BP),ARG,0.06224794268067132,-0.151442552702749
144,Asia Pacific (BP),ARG,0.1958434626124136,-0.1044042539390979
145,Asia Pacific (BP),ARG,0.3294389825441559,-0.0036321879534765675
146,Asia Pacific (BP),ARG,0.46303450247589817,0.14057196676763234
147,Asia Pacific (BP),ARG,0.5966300224076404,0.5175851292108796
148,Asia Pacific (BP),ARG,0.7302255423393827,0.9742035354921557
149,Asia Pacific (BP),ARG,0.863821062271125,1.5325662950929593
150,Asia Pacific (BP),ARG,0.9974165822028672,2.4584975842102867
151,Asia Pacific (BP),ARG,1.1310121021346096,3.7757366598093474
152,Asia Pacific (BP),ARG,1.2646076220663518,4.969884429533721
153,Asia Pacific (BP),ARG,1.398203141998094,6.066167378080284
154,Asia Pacific (BP),ARG,1.5317986619298365,7.550991542616219
155,Asia Pacific (BP),ARG,1.6653941818615787,8.945816324467202
156,Australia,AUS,-1.6744938164319783,-0.2252440028537417
157,Australia,AUS,-1.540898296500236,-0.2251891519379171
158,Australia,AUS,-1.4073027765684938,-0.22511601738348436
159,Australia,AUS,-1.2737072566367516,-0.22507945010626798
160,Australia,AUS,-1.140111736705009,-0.22507945010626798
161,Australia,AUS,-1.0065162167732669,-0.22500631555183523
162,Australia,AUS,-0.8729206968415246,-0.22491489735879427
163,Australia,AUS,-0.7393251769097824,-0.22482347916575332
164,Australia,AUS,-0.60572965697804,-0.22469549369549602
165,Australia,AUS,-0.4721341370462978,-0.22458579186384686
166,Australia,AUS,-0.3385386171145555,-0.22442123911637316
167,Australia,AUS,-0.20494309718281326,-0.22425668636889945
168,Australia,AUS,-0.07134757725107096,-0.22403728270560117
169,Australia,AUS,0.06224794268067132,-0.2195212239693783
170,Australia,AUS,0.1958434626124136,-0.20564394226576227
171,Australia,AUS,0.3294389825441559,-0.18037595370924406
172,Australia,AUS,0.46303450247589817,-0.15613184891478452
173,Australia,AUS,0.5966300224076404,-0.1420717308250866
174,Australia,AUS,0.7302255423393827,-0.12892579466579818
175,Australia,AUS,0.863821062271125,-0.11687687682300112
176,Australia,AUS,0.9974165822028672,-0.10329213333711616
177,Australia,AUS,1.1310121021346096,-0.09111523002406179
178,Australia,AUS,1.2646076220663518,-0.06787672535305266
179,Australia,AUS,1.398203141998094,0.011547400760923579
180,Australia,AUS,1.5317986619298365,0.09153831967175363
181,Australia,AUS,1.6653941818615787,0.12320558174113831
182,Austria,AUT,-1.6744938164319783,-0.2255054588858388
183,Austria,AUT,-1.540898296500236,-0.2254963170665347
184,Austria,AUT,-1.4073027765684938,-0.22548351851950896
185,Austria,AUT,-1.2737072566367516,-0.2254688916086224
186,Austria,AUT,-1.140111736705009,-0.22544512287843177
187,Austria,AUT,-1.0065162167732669,-0.2254085556012154
188,Austria,AUT,-0.8729206968415246,-0.22537198832399902
189,Austria,AUT,-0.7393251769097824,-0.22511601738348436
190,Austria,AUT,-0.60572965697804,-0.2250428828290516
191,Austria,AUT,-0.4721341370462978,-0.2251522555552058
192,Austria,AUT,-0.3385386171145555,-0.22512722525395118
193,Austria,AUT,-0.20494309718281326,-0.22509338223888742
194,Austria,AUT,-0.07134757725107096,-0.22498583787659404
195,Austria,AUT,0.06224794268067132,-0.22464219688895315
196,Austria,AUT,0.1958434626124136,-0.22391271627576356
197,Austria,AUT,0.3294389825441559,-0.22235390809894512
198,Austria,AUT,0.46303450247589817,-0.21936612386306503
199,Austria,AUT,0.5966300224076404,-0.21409145867734977
200,Austria,AUT,0.7302255423393827,-0.21117938698894614
201,Austria,AUT,0.863821062271125,-0.20840297989901532
202,Austria,AUT,0.9974165822028672,-0.20549738061867903
203,Austria,AUT,1.1310121021346096,-0.20233513390319957
204,Austria,AUT,1.2646076220663518,-0.19893143345626035
205,Austria,AUT,1.398203141998094,-0.19441608778194325
206,Austria,AUT,1.5317986619298365,-0.18818427411508926
207,Austria,AUT,1.6653941818615787,-0.1763181926583741
208,Belgium,BEL,-1.6744938164319783,-0.22553654107147272
209,Belgium,BEL,-1.540898296500236,-0.22553654107147272
210,Belgium,BEL,-1.4073027765684938,-0.22553654107147272
211,Belgium,BEL,-1.2737072566367516,-0.22553654107147272
212,Belgium,BEL,-1.140111736705009,-0.22553654107147272
213,Belgium,BEL,-1.0065162167732669,-0.22553654107147272
214,Belgium,BEL,-0.8729206968415246,-0.22551825743286455
215,Belgium,BEL,-0.7393251769097824,-0.22551825743286455
216,Belgium,BEL,-0.60572965697804,-0.22551825743286455
217,Belgium,BEL,-0.4721341370462978,-0.22549997379425635
218,Belgium,BEL,-0.3385386171145555,-0.22549997379425635
219,Belgium,BEL,-0.20494309718281326,-0.22517086829930893
220,Belgium,BEL,-0.07134757725107096,-0.22440295547776498
221,Belgium,BEL,0.06224794268067132,-0.2184790565687115
222,Belgium,BEL,0.1958434626124136,-0.20713223044846893
223,Belgium,BEL,0.3294389825441559,-0.1893605337213085
224,Belgium,BEL,0.46303450247589817,-0.17714706313103779
225,Belgium,BEL,0.5966300224076404,-0.17248473528594938
226,Belgium,BEL,0.7302255423393827,-0.17041137066778067
227,Belgium,BEL,0.863821062271125,-0.16827949840606574
228,Belgium,BEL,0.9974165822028672,-0.16467396487253072
229,Belgium,BEL,1.1310121021346096,-0.159338799126661
230,Belgium,BEL,1.2646076220663518,-0.1524019866387138
231,Belgium,BEL,1.398203141998094,-0.1407626223007402
232,Belgium,BEL,1.5317986619298365,-0.12360891255853658
233,Belgium,BEL,1.6653941818615787,-0.10514609429198658
234,Brazil,BRA,-1.6744938164319783,-0.22553654107147272
235,Brazil,BRA,-1.540898296500236,-0.22553654107147272
236,Brazil,BRA,-1.4073027765684938,-0.22553654107147272
237,Brazil,BRA,-1.2737072566367516,-0.22553654107147272
238,Brazil,BRA,-1.140111736705009,-0.22553654107147272
239,Brazil,BRA,-1.0065162167732669,-0.22553588286048284
240,Brazil,BRA,-0.8729206968415246,-0.22553588286048284
241,Brazil,BRA,-0.7393251769097824,-0.22552344998622925
242,Brazil,BRA,-0.60572965697804,-0.22552341341895202
243,Brazil,BRA,-0.4721341370462978,-0.22552341341895202
244,Brazil,BRA,-0.3385386171145555,-0.22552341341895202
245,Brazil,BRA,-0.20494309718281326,-0.22552341341895202
246,Brazil,BRA,-0.07134757725107096,-0.22552257237157605
247,Brazil,BRA,0.06224794268067132,-0.22552165818964565
248,Brazil,BRA,0.1958434626124136,-0.22552092684410133
249,Brazil,BRA,0.3294389825441559,-0.2254250657268786
250,Brazil,BRA,0.46303450247589817,-0.22541572278754982
251,Brazil,BRA,0.5966300224076404,-0.22530748364698933
252,Brazil,BRA,0.7302255423393827,-0.22515812460319903
253,Brazil,BRA,0.863821062271125,-0.22470341051101334
254,Brazil,BRA,0.9974165822028672,-0.22320009317737077
255,Brazil,BRA,1.1310121021346096,-0.20347208368641126
256,Brazil,BRA,1.2646076220663518,-0.18101547882048133
257,Brazil,BRA,1.398203141998094,-0.1411906239969193
258,Brazil,BRA,1.5317986619298365,-0.08147688194628432
259,Brazil,BRA,1.6653941818615787,0.013155007969187262
260,Bulgaria,BGR,-1.6744938164319783,-0.22553654107147272
261,Bulgaria,BGR,-1.540898296500236,-0.22553654107147272
262,Bulgaria,BGR,-1.4073027765684938,-0.22553654107147272
263,Bulgaria,BGR,-1.2737072566367516,-0.22553654107147272
264,Bulgaria,BGR,-1.140111736705009,-0.22553654107147272
265,Bulgaria,BGR,-1.0065162167732669,-0.22553654107147272
266,Bulgaria,BGR,-0.8729206968415246,-0.22553654107147272
267,Bulgaria,BGR,-0.7393251769097824,-0.22553654107147272
268,Bulgaria,BGR,-0.60572965697804,-0.22553654107147272
269,Bulgaria,BGR,-0.4721341370462978,-0.22553654107147272
270,Bulgaria,BGR,-0.3385386171145555,-0.22553654107147272
271,Bulgaria,BGR,-0.20494309718281326,-0.22553599256231446
272,Bulgaria,BGR,-0.07134757725107096,-0.2255347127076119
273,Bulgaria,BGR,0.06224794268067132,-0.22549997379425635
274,Bulgaria,BGR,0.1958434626124136,-0.22507945010626798
275,Bulgaria,BGR,0.3294389825441559,-0.22272086072581151
276,Bulgaria,BGR,0.46303450247589817,-0.20701521516137653
277,Bulgaria,BGR,0.5966300224076404,-0.2068872296911192
278,Bulgaria,BGR,0.7302255423393827,-0.20677752785947007
279,Bulgaria,BGR,0.863821062271125,-0.2067226769436455
280,Bulgaria,BGR,0.9974165822028672,-0.20674096058225366
281,Bulgaria,BGR,1.1310121021346096,-0.2066025534379897
282,Bulgaria,BGR,1.2646076220663518,-0.20665541143720595
283,Bulgaria,BGR,1.398203141998094,-0.20637620199202028
284,Bulgaria,BGR,1.5317986619298365,-0.20547286225930544
285,Bulgaria,BGR,1.6653941818615787,-0.20384561842317656
286,CIS (BP),BGR,-1.6744938164319783,-0.22553654107147272
287,CIS (BP),BGR,-1.540898296500236,-0.22553654107147272
288,CIS (BP),BGR,-1.4073027765684938,-0.22553654107147272
289,CIS (BP),BGR,-1.2737072566367516,-0.22553654107147272
290,CIS (BP),BGR,-1.140111736705009,-0.22553654107147272
291,CIS (BP),BGR,-1.0065162167732669,-0.22553654107147272
292,CIS (BP),BGR,-0.8729206968415246,-0.22553654107147272
293,CIS (BP),BGR,-0.7393251769097824,-0.22553654107147272
294,CIS (BP),BGR,-0.60572965697804,-0.22553654107147272
295,CIS (BP),BGR,-0.4721341370462978,-0.2255353892022404
296,CIS (BP),BGR,-0.3385386171145555,-0.2255350966640227
297,CIS (BP),BGR,-0.20494309718281326,-0.2255237973753628
298,CIS (BP),BGR,-0.07134757725107096,-0.22552767350674777
299,CIS (BP),BGR,0.06224794268067132,-0.22553109254716747
300,CIS (BP),BGR,0.1958434626124136,-0.22550770777338763
301,CIS (BP),BGR,0.3294389825441559,-0.2254996446887614
302,CIS (BP),BGR,0.46303450247589817,-0.22547201811082443
303,CIS (BP),BGR,0.5966300224076404,-0.22518876798150633
304,CIS (BP),BGR,0.7302255423393827,-0.22391249687210027
305,CIS (BP),BGR,0.863821062271125,-0.2215722276975292
306,CIS (BP),BGR,0.9974165822028672,-0.21991360913754865
307,CIS (BP),BGR,1.1310121021346096,-0.2161684434559629
308,CIS (BP),BGR,1.2646076220663518,-0.20327109164719145
309,CIS (BP),BGR,1.398203141998094,-0.17765315424771247
310,CIS (BP),BGR,1.5317986619298365,-0.16431706824689885
311,CIS (BP),BGR,1.6653941818615787,-0.13573853438215017
312,Canada,CAN,-1.6744938164319783,-0.22548169015564815
313,Canada,CAN,-1.540898296500236,-0.22548169015564815
314,Canada,CAN,-1.4073027765684938,-0.22544512287843177
315,Canada,CAN,-1.2737072566367516,-0.2254268392398236
316,Canada,CAN,-1.140111736705009,-0.2254085556012154
317,Canada,CAN,-1.0065162167732669,-0.22537198832399902
318,Canada,CAN,-0.8729206968415246,-0.22535370468539084
319,Canada,CAN,-0.7393251769097824,-0.22531713740817444
320,Canada,CAN,-0.60572965697804,-0.2252805701309581
321,Canada,CAN,-0.4721341370462978,-0.2252074355765253
322,Canada,CAN,-0.3385386171145555,-0.22513430102209256
323,Canada,CAN,-0.20494309718281326,-0.22500631555183523
324,Canada,CAN,-0.07134757725107096,-0.22484176280436152
325,Canada,CAN,0.06224794268067132,-0.22358019174039645
326,Canada,CAN,0.1958434626124136,-0.22098391505803347
327,Canada,CAN,0.3294389825441559,-0.21405441602552958
328,Canada,CAN,0.46303450247589817,-0.21153127389759938
329,Canada,CAN,0.5966300224076404,-0.20341333835556313
330,Canada,CAN,0.7302255423393827,-0.19183979511657903
331,Canada,CAN,0.863821062271125,-0.17948005541744277
332,Canada,CAN,0.9974165822028672,-0.1768106441806471
333,Canada,CAN,1.1310121021346096,-0.1719289126722604
334,Canada,CAN,1.2646076220663518,-0.1689486795791255
335,Canada,CAN,1.398203141998094,-0.16470687542202547
336,Canada,CAN,1.5317986619298365,-0.1644326208429026
337,Canada,CAN,1.6653941818615787,-0.15917424637918726
338,Chile,CHL,-1.6744938164319783,-0.22553654107147272
339,Chile,CHL,-1.540898296500236,-0.22553654107147272
340,Chile,CHL,-1.4073027765684938,-0.22553654107147272
341,Chile,CHL,-1.2737072566367516,-0.22553654107147272
342,Chile,CHL,-1.140111736705009,-0.22553654107147272
343,Chile,CHL,-1.0065162167732669,-0.22553654107147272
344,Chile,CHL,-0.8729206968415246,-0.22553654107147272
345,Chile,CHL,-0.7393251769097824,-0.22553654107147272
346,Chile,CHL,-0.60572965697804,-0.22553654107147272
347,Chile,CHL,-0.4721341370462978,-0.22553654107147272
348,Chile,CHL,-0.3385386171145555,-0.22553654107147272
349,Chile,CHL,-0.20494309718281326,-0.22553654107147272
350,Chile,CHL,-0.07134757725107096,-0.22553654107147272
351,Chile,CHL,0.06224794268067132,-0.22553654107147272
352,Chile,CHL,0.1958434626124136,-0.22553654107147272
353,Chile,CHL,0.3294389825441559,-0.22553654107147272
354,Chile,CHL,0.46303450247589817,-0.22549997379425635
355,Chile,CHL,0.5966300224076404,-0.22526228649234986
356,Chile,CHL,0.7302255423393827,-0.2214958569390628
357,Chile,CHL,0.863821062271125,-0.21500516523315544
358,Chile,CHL,0.9974165822028672,-0.20496744763725927
359,Chile,CHL,1.1310121021346096,-0.1924614388292575
360,Chile,CHL,1.2646076220663518,-0.18646440536577125
361,Chile,CHL,1.398203141998094,-0.17701728586419685
362,Chile,CHL,1.5317986619298365,-0.16692947109851422
363,Chile,CHL,1.6653941818615787,-0.14581974875429524
364,China,CHN,-1.6744938164319783,-0.22551825743286455
365,China,CHN,-1.540898296500236,-0.22549083197495226
366,China,CHN,-1.4073027765684938,-0.22544512287843177
367,China,CHN,-1.2737072566367516,-0.22535370468539084
368,China,CHN,-1.140111736705009,-0.22492376492351926
369,China,CHN,-1.0065162167732669,-0.22484139713158935
370,China,CHN,-0.8729206968415246,-0.22450296698095176
371,China,CHN,-0.7393251769097824,-0.2243188507401673
372,China,CHN,-0.60572965697804,-0.22413601435408542
373,China,CHN,-0.4721341370462978,-0.22295489129999635
374,China,CHN,-0.3385386171145555,-0.22260750216644073
375,China,CHN,-0.20494309718281326,-0.22189809698844298
376,China,CHN,-0.07134757725107096,-0.22091078050360072
377,China,CHN,0.06224794268067132,-0.21795248777679563
378,China,CHN,0.1958434626124136,-0.20685431914162444
379,China,CHN,0.3294389825441559,-0.16871464900494065
380,China,CHN,0.46303450247589817,-0.10271071362937571
381,China,CHN,0.5966300224076404,0.09895782021895702
382,China,CHN,0.7302255423393827,0.2934957350100958
383,China,CHN,0.863821062271125,0.5704928599241703
384,China,CHN,0.9974165822028672,1.1967074822546688
385,China,CHN,1.1310121021346096,2.165986974773549
386,China,CHN,1.2646076220663518,2.974390193870057
387,China,CHN,1.398203141998094,3.514835170471221
388,China,CHN,1.5317986619298365,4.4078629310110315
389,China,CHN,1.6653941818615787,5.376621522665965
390,Czechia,CZE,-1.6744938164319783,-0.22553654107147272
391,Czechia,CZE,-1.540898296500236,-0.22553654107147272
392,Czechia,CZE,-1.4073027765684938,-0.22553654107147272
393,Czechia,CZE,-1.2737072566367516,-0.22553654107147272
394,Czechia,CZE,-1.140111736705009,-0.2255347127076119
395,Czechia,CZE,-1.0065162167732669,-0.2255347127076119
396,Czechia,CZE,-0.8729206968415246,-0.2255328843437511
397,Czechia,CZE,-0.7393251769097824,-0.2255310559798903
398,Czechia,CZE,-0.60572965697804,-0.22552922761602945
399,Czechia,CZE,-0.4721341370462978,-0.22552582685924832
400,Czechia,CZE,-0.3385386171145555,-0.22552116453140325
401,Czechia,CZE,-0.20494309718281326,-0.2254641195789457
402,Czechia,CZE,-0.07134757725107096,-0.22481433734644923
403,Czechia,CZE,0.06224794268067132,-0.21704196257410777
404,Czechia,CZE,0.1958434626124136,-0.19396069719512904
405,Czechia,CZE,0.3294389825441559,-0.19055994041400576
406,Czechia,CZE,0.46303450247589817,-0.18856702380571308
407,Czechia,CZE,0.5966300224076404,-0.1878082528034732
408,Czechia,CZE,0.7302255423393827,-0.18773694661290127
409,Czechia,CZE,0.863821062271125,-0.18759981932333986
410,Czechia,CZE,0.9974165822028672,-0.18772780479359719
411,Czechia,CZE,1.1310121021346096,-0.18769855097182409
412,Czechia,CZE,1.2646076220663518,-0.18759667453749923
413,Czechia,CZE,1.398203141998094,-0.18738911867201904
414,Czechia,CZE,1.5317986619298365,-0.1867256602778437
415,Czechia,CZE,1.6653941818615787,-0.18678965301297235
416,Denmark,DNK,-1.6744938164319783,-0.22553654107147272
417,Denmark,DNK,-1.540898296500236,-0.22553654107147272
418,Denmark,DNK,-1.4073027765684938,-0.22553654107147272
419,Denmark,DNK,-1.2737072566367516,-0.22553654107147272
420,Denmark,DNK,-1.140111736705009,-0.22551825743286455
421,Denmark,DNK,-1.0065162167732669,-0.22551825743286455
422,Denmark,DNK,-0.8729206968415246,-0.22549997379425635
423,Denmark,DNK,-0.7393251769097824,-0.22549997379425635
424,Denmark,DNK,-0.60572965697804,-0.22549997379425635
425,Denmark,DNK,-0.4721341370462978,-0.22548169015564815
426,Denmark,DNK,-0.3385386171145555,-0.22548169015564815
427,Denmark,DNK,-0.20494309718281326,-0.22548169015564815
428,Denmark,DNK,-0.07134757725107096,-0.22548169015564815
429,Denmark,DNK,0.06224794268067132,-0.22544512287843177
430,Denmark,DNK,0.1958434626124136,-0.2254085556012154
431,Denmark,DNK,0.3294389825441559,-0.2252257192151335
432,Denmark,DNK,0.46303450247589817,-0.21818651835098046
433,Denmark,DNK,0.5966300224076404,-0.2150965834261964
434,Denmark,DNK,0.7302255423393827,-0.21443837243630157
435,Denmark,DNK,0.863821062271125,-0.21123676104689867
436,Denmark,DNK,0.9974165822028672,-0.20997802394691784
437,Denmark,DNK,1.1310121021346096,-0.20896516521893996
438,Denmark,DNK,1.2646076220663518,-0.2072894697404994
439,Denmark,DNK,1.398203141998094,-0.2057902113746278
440,Denmark,DNK,1.5317986619298365,-0.2016893009366425
441,Denmark,DNK,1.6653941818615787,-0.19737436222510973
442,Egypt,EGY,-1.6744938164319783,-0.2255347127076119
443,Egypt,EGY,-1.540898296500236,-0.2255347127076119
444,Egypt,EGY,-1.4073027765684938,-0.2255347127076119
445,Egypt,EGY,-1.2737072566367516,-0.2255347127076119
446,Egypt,EGY,-1.140111736705009,-0.2255347127076119
447,Egypt,EGY,-1.0065162167732669,-0.2255273992521686
448,Egypt,EGY,-0.8729206968415246,-0.2255255708883078
449,Egypt,EGY,-0.7393251769097824,-0.2255255708883078
450,Egypt,EGY,-0.60572965697804,-0.2255255708883078
451,Egypt,EGY,-0.4721341370462978,-0.2255255708883078
452,Egypt,EGY,-0.3385386171145555,-0.2255255708883078
453,Egypt,EGY,-0.20494309718281326,-0.22552374252444699
454,Egypt,EGY,-0.07134757725107096,-0.22552008579672536
455,Egypt,EGY,0.06224794268067132,-0.22551277234128206
456,Egypt,EGY,0.1958434626124136,-0.22526228649234986
457,Egypt,EGY,0.3294389825441559,-0.22526228649234986
458,Egypt,EGY,0.46303450247589817,-0.22526228649234986
459,Egypt,EGY,0.5966300224076404,-0.22526228649234986
460,Egypt,EGY,0.7302255423393827,-0.22526228649234986
461,Egypt,EGY,0.863821062271125,-0.2252440028537417
462,Egypt,EGY,0.9974165822028672,-0.22482347916575332
463,Egypt,EGY,1.1310121021346096,-0.22261115889416236
464,Egypt,EGY,1.2646076220663518,-0.21192985721925794
465,Egypt,EGY,1.398203141998094,-0.1957854043282264
466,Egypt,EGY,1.5317986619298365,-0.1952699885558615
467,Egypt,EGY,1.6653941818615787,-0.1952699885558615
468,Europe,EGY,-1.6744938164319783,-0.22431336564858484
469,Europe,EGY,-1.540898296500236,-0.22394037942097775
470,Europe,EGY,-1.4073027765684938,-0.22360944556216955
471,Europe,EGY,-1.2737072566367516,-0.22313224259449577
472,Europe,EGY,-1.140111736705009,-0.22187798498597394
473,Europe,EGY,-1.0065162167732669,-0.22004486701344408
474,Europe,EGY,-0.8729206968415246,-0.21849744954347855
475,Europe,EGY,-0.7393251769097824,-0.2141317375332036
476,Europe,EGY,-0.60572965697804,-0.20112122828508605
477,Europe,EGY,-0.4721341370462978,-0.18320064788873913
478,Europe,EGY,-0.3385386171145555,-0.1658099821901734
479,Europe,EGY,-0.20494309718281326,-0.1333897084647105
480,Europe,EGY,-0.07134757725107096,-0.03432332312484718
481,Europe,EGY,0.06224794268067132,0.08228208135724874
482,Europe,EGY,0.1958434626124136,0.32515140525260294
483,Europe,EGY,0.3294389825441559,0.7538260673179681
484,Europe,EGY,0.46303450247589817,1.0856997417179404
485,Europe,EGY,0.5966300224076404,1.271171257214243
486,Europe,EGY,0.7302255423393827,1.3977022640202899
487,Europe,EGY,0.863821062271125,1.554344595250164
488,Europe,EGY,0.9974165822028672,1.6739312932764343
489,Europe,EGY,1.1310121021346096,1.7881323627142758
490,Europe,EGY,1.2646076220663518,1.9628270445239462
491,Europe,EGY,1.398203141998094,2.3568043519443074
492,Europe,EGY,1.5317986619298365,2.732441158640407
493,Europe,EGY,1.6653941818615787,3.1559928000186734
494,Europe (BP),EGY,-1.6744938164319783,-0.22431336564858484
495,Europe (BP),EGY,-1.540898296500236,-0.22394037942097775
496,Europe (BP),EGY,-1.4073027765684938,-0.22360944556216955
497,Europe (BP),EGY,-1.2737072566367516,-0.22313224259449577
498,Europe (BP),EGY,-1.140111736705009,-0.22187615662211313
499,Europe (BP),EGY,-1.0065162167732669,-0.2200393822875344
500,Europe (BP),EGY,-0.8729206968415246,-0.21848647972598642
501,Europe (BP),EGY,-0.7393251769097824,-0.21411345389459543
502,Europe (BP),EGY,-0.60572965697804,-0.20109380282717376
503,Europe (BP),EGY,-0.4721341370462978,-0.18316408061152278
504,Europe (BP),EGY,-0.3385386171145555,-0.16576427309365294
505,Europe (BP),EGY,-0.20494309718281326,-0.1333348575488859
506,Europe (BP),EGY,-0.07134757725107096,-0.03425567366199687
507,Europe (BP),EGY,0.06224794268067132,0.0823679961750686
508,Europe (BP),EGY,0.1958434626124136,0.32525542087264486
509,Europe (BP),EGY,0.3294389825441559,0.753948147172955
510,Europe (BP),EGY,0.46303450247589817,1.0859119964785426
511,Europe (BP),EGY,0.5966300224076404,1.271471931651155
512,Europe (BP),EGY,0.7302255423393827,1.3983423742079626
513,Europe (BP),EGY,0.863821062271125,1.5577761416787035
514,Europe (BP),EGY,0.9974165822028672,1.687766156938479
515,Europe (BP),EGY,1.1310121021346096,1.8465555358501131
516,Europe (BP),EGY,1.2646076220663518,2.0456021959220316
517,Europe (BP),EGY,1.398203141998094,2.4430815514814053
518,Europe (BP),EGY,1.5317986619298365,2.828239014473562
519,Europe (BP),EGY,1.6653941818615787,3.2685198195055496
520,France,FRA,-1.6744938164319783,-0.22546340651703997
521,France,FRA,-1.540898296500236,-0.2254268392398236
522,France,FRA,-1.4073027765684938,-0.22539027196260722
523,France,FRA,-1.2737072566367516,-0.22537198832399902
524,France,FRA,-1.140111736705009,-0.2254085556012154
525,France,FRA,-1.0065162167732669,-0.2254085556012154
526,France,FRA,-0.8729206968415246,-0.22539027196260722
527,France,FRA,-0.7393251769097824,-0.22537198832399902
528,France,FRA,-0.60572965697804,-0.22533542104678264
529,France,FRA,-0.4721341370462978,-0.22529885376956627
530,France,FRA,-0.3385386171145555,-0.22526228649234986
531,France,FRA,-0.20494309718281326,-0.2250611664676598
532,France,FRA,-0.07134757725107096,-0.22407384998281754
533,France,FRA,0.06224794268067132,-0.22047197317700418
534,France,FRA,0.1958434626124136,-0.20644842236452263
535,France,FRA,0.3294389825441559,-0.17062027952251785
536,France,FRA,0.46303450247589817,-0.14584265815347128
537,France,FRA,0.5966300224076404,-0.12904849616449773
538,France,FRA,0.7302255423393827,-0.11520542314871765
539,France,FRA,0.863821062271125,-0.09503675968366215
540,France,FRA,0.9974165822028672,-0.08471447553646812
541,France,FRA,1.1310121021346096,-0.06810642270488734
542,France,FRA,1.2646076220663518,-0.048691776496033595
543,France,FRA,1.398203141998094,-0.0279292787326227
544,France,FRA,1.5317986619298365,-0.005726523905128876
545,France,FRA,1.6653941818615787,0.04340161303507693
546,Germany,DEU,-1.6744938164319783,-0.2250245991904434
547,Germany,DEU,-1.540898296500236,-0.22476862824992877
548,Germany,DEU,-1.4073027765684938,-0.22454922458663049
549,Germany,DEU,-1.2737072566367516,-0.22425668636889945
550,Germany,DEU,-1.140111736705009,-0.2234522062701391
551,Germany,DEU,-1.0065162167732669,-0.22197123154287574
552,Germany,DEU,-0.8729206968415246,-0.2207827950333434
553,Germany,DEU,-0.7393251769097824,-0.2175831582769102
554,Germany,DEU,-0.60572965697804,-0.20533312040942306
555,Germany,DEU,-0.4721341370462978,-0.1879453800930346
556,Germany,DEU,-0.3385386171145555,-0.17253227274633068
557,Germany,DEU,-0.20494309718281326,-0.14929376807532152
558,Germany,DEU,-0.07134757725107096,-0.11364067278935154
559,Germany,DEU,0.06224794268067132,-0.03238818281455636
560,Germany,DEU,0.1958434626124136,0.10364208843037528
561,Germany,DEU,0.3294389825441559,0.2482656698211561
562,Germany,DEU,0.46303450247589817,0.39747844450259256
563,Germany,DEU,0.5966300224076404,0.44561926495795606
564,Germany,DEU,0.7302255423393827,0.4673767949017019
565,Germany,DEU,0.863821062271125,0.4915843324189451
566,Germany,DEU,0.9974165822028672,0.5181870265938612
567,Germany,DEU,1.1310121021346096,0.5476968193074793
568,Germany,DEU,1.2646076220663518,0.600079443919943
569,Germany,DEU,1.398203141998094,0.6687527905323036
570,Germany,DEU,1.5317986619298365,0.7566422413218716
571,Germany,DEU,1.6653941818615787,0.843306688324691
572,Greece,GRC,-1.6744938164319783,-0.22553654107147272
573,Greece,GRC,-1.540898296500236,-0.22553654107147272
574,Greece,GRC,-1.4073027765684938,-0.22553654107147272
575,Greece,GRC,-1.2737072566367516,-0.22553654107147272
576,Greece,GRC,-1.140111736705009,-0.22553654107147272
577,Greece,GRC,-1.0065162167732669,-0.22551825743286455
578,Greece,GRC,-0.8729206968415246,-0.22551825743286455
579,Greece,GRC,-0.7393251769097824,-0.22551825743286455
580,Greece,GRC,-0.60572965697804,-0.22551825743286455
581,Greece,GRC,-0.4721341370462978,-0.22551825743286455
582,Greece,GRC,-0.3385386171145555,-0.22544512287843177
583,Greece,GRC,-0.20494309718281326,-0.22537198832399902
584,Greece,GRC,-0.07134757725107096,-0.22531713740817444
585,Greece,GRC,0.06224794268067132,-0.22469549369549602
586,Greece,GRC,0.1958434626124136,-0.2218432460726184
587,Greece,GRC,0.3294389825441559,-0.2143469542432606
588,Greece,GRC,0.46303450247589817,-0.1974528721692933
589,Greece,GRC,0.5966300224076404,-0.17838303710095138
590,Greece,GRC,0.7302255423393827,-0.17807221524461217
591,Greece,GRC,0.863821062271125,-0.17792594613574667
592,Greece,GRC,0.9974165822028672,-0.17792594613574667
593,Greece,GRC,1.1310121021346096,-0.17789797216867612
594,Greece,GRC,1.2646076220663518,-0.1770561934471551
595,Greece,GRC,1.398203141998094,-0.1737244756854163
596,Greece,GRC,1.5317986619298365,-0.16542505674655517
597,Greece,GRC,1.6653941818615787,-0.16099529678456298
598,High-income countries,GRC,-1.6744938164319783,-0.22270440545106415
599,High-income countries,GRC,-1.540898296500236,-0.22169697696375287
600,High-income countries,GRC,-1.4073027765684938,-0.22048111499630826
601,High-income countries,GRC,-1.2737072566367516,-0.21854304930384014
602,High-income countries,GRC,-1.140111736705009,-0.212130977243948
603,High-income countries,GRC,-1.0065162167732669,-0.20726570101030872
604,High-income countries,GRC,-0.8729206968415246,-0.20148386597324086
605,High-income countries,GRC,-0.7393251769097824,-0.19244772610030136
606,High-income countries,GRC,-0.60572965697804,-0.17317274860677556
607,High-income countries,GRC,-0.4721341370462978,-0.14728907680376516
608,High-income countries,GRC,-0.3385386171145555,-0.1203153344669345
609,High-income countries,GRC,-0.20494309718281326,-0.0778625283854847
610,High-income countries,GRC,-0.07134757725107096,0.034003365699502235
611,High-income countries,GRC,0.06224794268067132,0.17713503874713193
612,High-income countries,GRC,0.1958434626124136,0.48112051462528505
613,High-income countries,GRC,0.3294389825441559,1.005495726999132
614,High-income countries,GRC,0.46303450247589817,1.4359091265288586
615,High-income countries,GRC,0.5966300224076404,1.828983130783782
616,High-income countries,GRC,0.7302255423393827,2.250478411327785
617,High-income countries,GRC,0.863821062271125,2.7647448741697427
618,High-income countries,GRC,0.9974165822028672,3.28111688083382
619,High-income countries,GRC,1.1310121021346096,3.74433597319087
620,High-income countries,GRC,1.2646076220663518,4.2729753871791125
621,High-income countries,GRC,1.398203141998094,5.093402475533525
622,High-income countries,GRC,1.5317986619298365,6.000363465711093
623,High-income countries,GRC,1.6653941818615787,7.0039873106643675
624,Honduras,HND,-1.6744938164319783,-0.22553654107147272
625,Honduras,HND,-1.540898296500236,-0.22553654107147272
626,Honduras,HND,-1.4073027765684938,-0.22553654107147272
627,Honduras,HND,-1.2737072566367516,-0.22551825743286455
628,Honduras,HND,-1.140111736705009,-0.22550730553333823
629,Honduras,HND,-1.0065162167732669,-0.22550355738742356
630,Honduras,HND,-0.8729206968415246,-0.22550043088522156
631,Honduras,HND,-0.7393251769097824,-0.22549763348851448
632,Honduras,HND,-0.60572965697804,-0.22549309914613966
633,Honduras,HND,-0.4721341370462978,-0.22548776032366608
634,Honduras,HND,-0.3385386171145555,-0.22548403046139
635,Honduras,HND,-0.20494309718281326,-0.2254775214860455
636,Honduras,HND,-0.07134757725107096,-0.2254775214860455
637,Honduras,HND,0.06224794268067132,-0.22547232893268077
638,Honduras,HND,0.1958434626124136,-0.22546837966674138
639,Honduras,HND,0.3294389825441559,-0.22545464865414663
640,Honduras,HND,0.46303450247589817,-0.2254422706308089
641,Honduras,HND,0.5966300224076404,-0.2254422706308089
642,Honduras,HND,0.7302255423393827,-0.2254422706308089
643,Honduras,HND,0.863821062271125,-0.2183482188508313
644,Honduras,HND,0.9974165822028672,-0.2179642624400593
645,Honduras,HND,1.1310121021346096,-0.21723968184201672
646,Honduras,HND,1.2646076220663518,-0.21614449188938617
647,Honduras,HND,1.398203141998094,-0.2161387508268632
648,Honduras,HND,1.5317986619298365,-0.2161387508268632
649,Honduras,HND,1.6653941818615787,-0.2161387508268632
650,Hungary,HUN,-1.6744938164319783,-0.22553654107147272
651,Hungary,HUN,-1.540898296500236,-0.22553654107147272
652,Hungary,HUN,-1.4073027765684938,-0.22553654107147272
653,Hungary,HUN,-1.2737072566367516,-0.22553654107147272
654,Hungary,HUN,-1.140111736705009,-0.22553654107147272
655,Hungary,HUN,-1.0065162167732669,-0.22553654107147272
656,Hungary,HUN,-0.8729206968415246,-0.22553654107147272
657,Hungary,HUN,-0.7393251769097824,-0.22553654107147272
658,Hungary,HUN,-0.60572965697804,-0.22553654107147272
659,Hungary,HUN,-0.4721341370462978,-0.22553654107147272
660,Hungary,HUN,-0.3385386171145555,-0.22553654107147272
661,Hungary,HUN,-0.20494309718281326,-0.22552922761602945
662,Hungary,HUN,-0.07134757725107096,-0.22551825743286455
663,Hungary,HUN,0.06224794268067132,-0.22551825743286455
664,Hungary,HUN,0.1958434626124136,-0.22549997379425635
665,Hungary,HUN,0.3294389825441559,-0.22546340651703997
666,Hungary,HUN,0.46303450247589817,-0.22531713740817444
667,Hungary,HUN,0.5966300224076404,-0.22489661372018607
668,Hungary,HUN,0.7302255423393827,-0.22390929723534383
669,Hungary,HUN,0.863821062271125,-0.22239175523086407
670,Hungary,HUN,0.9974165822028672,-0.22123988599854816
671,Hungary,HUN,1.1310121021346096,-0.21924696939025548
672,Hungary,HUN,1.2646076220663518,-0.2122260521647106
673,Hungary,HUN,1.398203141998094,-0.1999394470200071
674,Hungary,HUN,1.5317986619298365,-0.1865741071974204
675,Hungary,HUN,1.6653941818615787,-0.1865741071974204
676,India,IND,-1.6744938164319783,-0.22553654107147272
677,India,IND,-1.540898296500236,-0.22553654107147272
678,India,IND,-1.4073027765684938,-0.22553654107147272
679,India,IND,-1.2737072566367516,-0.22553654107147272
680,India,IND,-1.140111736705009,-0.22551672160722144
681,India,IND,-1.0065162167732669,-0.2254353411317764
682,India,IND,-0.8729206968415246,-0.2254139492746048
683,India,IND,-0.7393251769097824,-0.22539237458104716
684,India,IND,-0.60572965697804,-0.22539374585394278
685,India,IND,-0.4721341370462978,-0.2253250542236918
686,India,IND,-0.3385386171145555,-0.22536096328991828
687,India,IND,-0.20494309718281326,-0.22507764002604574
688,India,IND,-0.07134757725107096,-0.22502966375833788
689,India,IND,0.06224794268067132,-0.22481686048857716
690,India,IND,0.1958434626124136,-0.2243414858847642
691,India,IND,0.3294389825441559,-0.21523709318890033
692,India,IND,0.46303450247589817,-0.20764450143499322
693,India,IND,0.5966300224076404,-0.1991015627135096
694,India,IND,0.7302255423393827,-0.1625675434357584
695,India,IND,0.863821062271125,-0.12744511247675253
696,India,IND,0.9974165822028672,-0.049089902726726926
697,India,IND,1.1310121021346096,0.10216579431459563
698,India,IND,1.2646076220663518,0.27039980615295334
699,India,IND,1.398203141998094,0.4118476657866005
700,India,IND,1.5317986619298365,0.4883052715363979
701,India,IND,1.6653941818615787,0.67660575958363
702,Israel,ISR,-1.6744938164319783,-0.22553654107147272
703,Israel,ISR,-1.540898296500236,-0.2255310559798903
704,Israel,ISR,-1.4073027765684938,-0.2255310559798903
705,Israel,ISR,-1.2737072566367516,-0.22552922761602945
706,Israel,ISR,-1.140111736705009,-0.22553654107147272
707,Israel,ISR,-1.0065162167732669,-0.22553654107147272
708,Israel,ISR,-0.8729206968415246,-0.22553654107147272
709,Israel,ISR,-0.7393251769097824,-0.22553654107147272
710,Israel,ISR,-0.60572965697804,-0.22553654107147272
711,Israel,ISR,-0.4721341370462978,-0.22551825743286455
712,Israel,ISR,-0.3385386171145555,-0.22551277234128206
713,Israel,ISR,-0.20494309718281326,-0.225503630521978
714,Israel,ISR,-0.07134757725107096,-0.22548169015564815
715,Israel,ISR,0.06224794268067132,-0.2250885919255721
716,Israel,ISR,0.1958434626124136,-0.22425851473276026
717,Israel,ISR,0.3294389825441559,-0.22206813482749913
718,Israel,ISR,0.46303450247589817,-0.2205633913700451
719,Israel,ISR,0.5966300224076404,-0.21864726604390686
720,Israel,ISR,0.7302255423393827,-0.21480221684460454
721,Israel,ISR,0.863821062271125,-0.21153675898918184
722,Israel,ISR,0.9974165822028672,-0.20956395438335818
723,Israel,ISR,1.1310121021346096,-0.20757652286664793
724,Israel,ISR,1.2646076220663518,-0.20203840873222728
725,Israel,ISR,1.398203141998094,-0.1924906926510306
726,Israel,ISR,1.5317986619298365,-0.1847640269752096
727,Israel,ISR,1.6653941818615787,-0.18324648497072984
728,Italy,ITA,-1.6744938164319783,-0.2252440028537417
729,Italy,ITA,-1.540898296500236,-0.2252257192151335
730,Italy,ITA,-1.4073027765684938,-0.2252074355765253
731,Italy,ITA,-1.2737072566367516,-0.2252074355765253
732,Italy,ITA,-1.140111736705009,-0.2251891519379171
733,Italy,ITA,-1.0065162167732669,-0.22517086829930893
734,Italy,ITA,-0.8729206968415246,-0.22513430102209256
735,Italy,ITA,-0.7393251769097824,-0.2250611664676598
736,Italy,ITA,-0.60572965697804,-0.22496974827461882
737,Italy,ITA,-0.4721341370462978,-0.22491489735879427
738,Italy,ITA,-0.3385386171145555,-0.2247137773341042
739,Italy,ITA,-0.20494309718281326,-0.22352534082457187
740,Italy,ITA,-0.07134757725107096,-0.21670554362371708
741,Italy,ITA,0.06224794268067132,-0.20242602187072092
742,Italy,ITA,0.1958434626124136,-0.15986171119085518
743,Italy,ITA,0.3294389825441559,0.01454591749266669
744,Italy,ITA,0.46303450247589817,0.08135433296699199
745,Italy,ITA,0.5966300224076404,0.10695142701845758
746,Italy,ITA,0.7302255423393827,0.11442943520920723
747,Italy,ITA,0.863821062271125,0.12004251226192146
748,Italy,ITA,0.9974165822028672,0.12702686221024995
749,Italy,ITA,1.1310121021346096,0.13432739112102987
750,Italy,ITA,1.2646076220663518,0.14210336777017707
751,Italy,ITA,1.398203141998094,0.15595660648902335
752,Italy,ITA,1.5317986619298365,0.17030496614137938
753,Italy,ITA,1.6653941818615787,0.18935651757111305
754,Japan,JPN,-1.6744938164319783,-0.22443952275498133
755,Japan,JPN,-1.540898296500236,-0.2238727299581275
756,Japan,JPN,-1.4073027765684938,-0.2231048171365835
757,Japan,JPN,-1.2737072566367516,-0.22171526060236108
758,Japan,JPN,-1.140111736705009,-0.2195029403307701
759,Japan,JPN,-1.0065162167732669,-0.21725405278196278
760,Japan,JPN,-0.8729206968415246,-0.21388986327805587
761,Japan,JPN,-0.7393251769097824,-0.20981261186842956
762,Japan,JPN,-0.60572965697804,-0.20483946216700194
763,Japan,JPN,-0.4721341370462978,-0.1995372069706269
764,Japan,JPN,-0.3385386171145555,-0.19430808632868465
765,Japan,JPN,-0.20494309718281326,-0.19045023858235663
766,Japan,JPN,-0.07134757725107096,-0.18633641989551394
767,Japan,JPN,0.06224794268067132,-0.17750542244775833
768,Japan,JPN,0.1958434626124136,-0.15938633658704227
769,Japan,JPN,0.3294389825441559,-0.13569074095082836
770,Japan,JPN,0.46303450247589817,-0.10427944982195839
771,Japan,JPN,0.5966300224076404,0.023102660361299487
772,Japan,JPN,0.7302255423393827,0.2011853004050675
773,Japan,JPN,0.863821062271125,0.3988497173982067
774,Japan,JPN,0.9974165822028672,0.5431076260168237
775,Japan,JPN,1.1310121021346096,0.6795035700339191
776,Japan,JPN,1.2646076220663518,0.8013091704416792
777,Japan,JPN,1.398203141998094,0.929843149857253
778,Japan,JPN,1.5317986619298365,1.0500032227902758
779,Japan,JPN,1.6653941818615787,1.130944890908732
780,Jordan,JOR,-1.6744938164319783,-0.22553654107147272
781,Jordan,JOR,-1.540898296500236,-0.22553654107147272
782,Jordan,JOR,-1.4073027765684938,-0.22553654107147272
783,Jordan,JOR,-1.2737072566367516,-0.22553654107147272
784,Jordan,JOR,-1.140111736705009,-0.22553626681689362
785,Jordan,JOR,-1.0065162167732669,-0.22553626681689362
786,Jordan,JOR,-0.8729206968415246,-0.22553626681689362
787,Jordan,JOR,-0.7393251769097824,-0.22553626681689362
788,Jordan,JOR,-0.60572965697804,-0.22553626681689362
789,Jordan,JOR,-0.4721341370462978,-0.22553626681689362
790,Jordan,JOR,-0.3385386171145555,-0.22553626681689362
791,Jordan,JOR,-0.20494309718281326,-0.22553626681689362
792,Jordan,JOR,-0.07134757725107096,-0.22553626681689362
793,Jordan,JOR,0.06224794268067132,-0.22553626681689362
794,Jordan,JOR,0.1958434626124136,-0.22553626681689362
795,Jordan,JOR,0.3294389825441559,-0.22553575487501257
796,Jordan,JOR,0.46303450247589817,-0.2255352063658543
797,Jordan,JOR,0.5966300224076404,-0.225533963078429
798,Jordan,JOR,0.7302255423393827,-0.22553222613276122
799,Jordan,JOR,0.863821062271125,-0.22543493889172703
800,Jordan,JOR,0.9974165822028672,-0.22029657823183582
801,Jordan,JOR,1.1310121021346096,-0.21828546940312799
802,Jordan,JOR,1.2646076220663518,-0.2127448869774952
803,Jordan,JOR,1.398203141998094,-0.2038581792829004
804,Jordan,JOR,1.5317986619298365,-0.1990549760023359
805,Jordan,JOR,1.6653941818615787,-0.1977348972948246
806,Lower-middle-income countries,JOR,-1.6744938164319783,-0.2255347127076119
807,Lower-middle-income countries,JOR,-1.540898296500236,-0.2255347127076119
808,Lower-middle-income countries,JOR,-1.4073027765684938,-0.2255347127076119
809,Lower-middle-income countries,JOR,-1.2737072566367516,-0.22551642906900374
810,Lower-middle-income countries,JOR,-1.140111736705009,-0.22536312075927406
811,Lower-middle-income countries,JOR,-1.0065162167732669,-0.22526325552519613
812,Lower-middle-income countries,JOR,-0.8729206968415246,-0.22522176994919416
813,Lower-middle-income countries,JOR,-0.7393251769097824,-0.2251814910933403
814,Lower-middle-income countries,JOR,-0.60572965697804,-0.22512272747885356
815,Lower-middle-income countries,JOR,-0.4721341370462978,-0.22501106929787337
816,Lower-middle-income countries,JOR,-0.3385386171145555,-0.22500048307111922
817,Lower-middle-income countries,JOR,-0.20494309718281326,-0.22468532799242982
818,Lower-middle-income countries,JOR,-0.07134757725107096,-0.22459895608364475
819,Lower-middle-income countries,JOR,0.06224794268067132,-0.2242599042892945
820,Lower-middle-income countries,JOR,0.1958434626124136,-0.22341658974213036
821,Lower-middle-income countries,JOR,0.3294389825441559,-0.21072061392898947
822,Lower-middle-income countries,JOR,0.46303450247589817,-0.19924772212054345
823,Lower-middle-income countries,JOR,0.5966300224076404,-0.18279341640601893
824,Lower-middle-income countries,JOR,0.7302255423393827,-0.14321712764933522
825,Lower-middle-income countries,JOR,0.863821062271125,-0.09521822479684844
826,Lower-middle-income countries,JOR,0.9974165822028672,0.006268676607437271
827,Lower-middle-income countries,JOR,1.1310121021346096,0.17180356629626103
828,Lower-middle-income countries,JOR,1.2646076220663518,0.3723956509215367
829,Lower-middle-income countries,JOR,1.398203141998094,0.6940161350446153
830,Lower-middle-income countries,JOR,1.5317986619298365,1.0129739911608218
831,Lower-middle-income countries,JOR,1.6653941818615787,1.2251556172088638
832,Malaysia,MYS,-1.6744938164319783,-0.22553654107147272
833,Malaysia,MYS,-1.540898296500236,-0.22553654107147272
834,Malaysia,MYS,-1.4073027765684938,-0.22553654107147272
835,Malaysia,MYS,-1.2737072566367516,-0.22553654107147272
836,Malaysia,MYS,-1.140111736705009,-0.22553654107147272
837,Malaysia,MYS,-1.0065162167732669,-0.22553654107147272
838,Malaysia,MYS,-0.8729206968415246,-0.22553654107147272
839,Malaysia,MYS,-0.7393251769097824,-0.22553654107147272
840,Malaysia,MYS,-0.60572965697804,-0.22553654107147272
841,Malaysia,MYS,-0.4721341370462978,-0.22553654107147272
842,Malaysia,MYS,-0.3385386171145555,-0.22553654107147272
843,Malaysia,MYS,-0.20494309718281326,-0.22552831343409901
844,Malaysia,MYS,-0.07134757725107096,-0.2255266679066243
845,Malaysia,MYS,0.06224794268067132,-0.2255266679066243
846,Malaysia,MYS,0.1958434626124136,-0.22552659477206988
847,Malaysia,MYS,0.3294389825441559,-0.22552659477206988
848,Malaysia,MYS,0.46303450247589817,-0.22495907062967166
849,Malaysia,MYS,0.5966300224076404,-0.22300107577112063
850,Malaysia,MYS,0.7302255423393827,-0.22178130110501387
851,Malaysia,MYS,0.863821062271125,-0.22066788236469093
852,Malaysia,MYS,0.9974165822028672,-0.21924499475728576
853,Malaysia,MYS,1.1310121021346096,-0.21833629791845874
854,Malaysia,MYS,1.2646076220663518,-0.21557058675711369
855,Malaysia,MYS,1.398203141998094,-0.20919837302938743
856,Malaysia,MYS,1.5317986619298365,-0.19842927332188645
857,Malaysia,MYS,1.6653941818615787,-0.19286830463920554
858,Mexico,MEX,-1.6744938164319783,-0.22535370468539084
859,Mexico,MEX,-1.540898296500236,-0.22533542104678264
860,Mexico,MEX,-1.4073027765684938,-0.22531713740817444
861,Mexico,MEX,-1.2737072566367516,-0.22529885376956627
862,Mexico,MEX,-1.140111736705009,-0.2252805701309581
863,Mexico,MEX,-1.0065162167732669,-0.22526228649234986
864,Mexico,MEX,-0.8729206968415246,-0.2252440028537417
865,Mexico,MEX,-0.7393251769097824,-0.2252440028537417
866,Mexico,MEX,-0.60572965697804,-0.2252440028537417
867,Mexico,MEX,-0.4721341370462978,-0.2252440028537417
868,Mexico,MEX,-0.3385386171145555,-0.2252440028537417
869,Mexico,MEX,-0.20494309718281326,-0.2251891519379171
870,Mexico,MEX,-0.07134757725107096,-0.2251891519379171
871,Mexico,MEX,0.06224794268067132,-0.22507762174240717
872,Mexico,MEX,0.1958434626124136,-0.22499168864094868
873,Mexico,MEX,0.3294389825441559,-0.22476131479448547
874,Mexico,MEX,0.46303450247589817,-0.2242054921807965
875,Mexico,MEX,0.5966300224076404,-0.22354362446318005
876,Mexico,MEX,0.7302255423393827,-0.22235518795364773
877,Mexico,MEX,0.863821062271125,-0.22028913679092227
878,Mexico,MEX,0.9974165822028672,-0.2139703112879319
879,Mexico,MEX,1.1310121021346096,-0.2049539177446892
880,Mexico,MEX,1.2646076220663518,-0.1790778153680626
881,Mexico,MEX,1.398203141998094,-0.14460935359479446
882,Mexico,MEX,1.5317986619298365,-0.13139408587790377
883,Mexico,MEX,1.6653941818615787,-0.09707569621033164
884,Middle East (BP),MEX,-1.6744938164319783,-0.22553654107147272
885,Middle East (BP),MEX,-1.540898296500236,-0.2255310559798903
886,Middle East (BP),MEX,-1.4073027765684938,-0.2255310559798903
887,Middle East (BP),MEX,-1.2737072566367516,-0.22552922761602945
888,Middle East (BP),MEX,-1.140111736705009,-0.22552986754338072
889,Middle East (BP),MEX,-1.0065162167732669,-0.22552977612518768
890,Middle East (BP),MEX,-0.8729206968415246,-0.22552977612518768
891,Middle East (BP),MEX,-0.7393251769097824,-0.22552977612518768
892,Middle East (BP),MEX,-0.60572965697804,-0.22552922761602945
893,Middle East (BP),MEX,-0.4721341370462978,-0.22551094397742125
894,Middle East (BP),MEX,-0.3385386171145555,-0.22550469097301726
895,Middle East (BP),MEX,-0.20494309718281326,-0.2254949823609163
896,Middle East (BP),MEX,-0.07134757725107096,-0.2254556725379087
897,Middle East (BP),MEX,0.06224794268067132,-0.22487626403041516
898,Middle East (BP),MEX,0.1958434626124136,-0.22398566799381026
899,Middle East (BP),MEX,0.3294389825441559,-0.22172288487966066
900,Middle East (BP),MEX,0.46303450247589817,-0.22000169970836292
901,Middle East (BP),MEX,0.5966300224076404,-0.21707834701493808
902,Middle East (BP),MEX,0.7302255423393827,-0.21250900975581094
903,Middle East (BP),MEX,0.863821062271125,-0.20780228923618188
904,Middle East (BP),MEX,0.9974165822028672,-0.1985586666323166
905,Middle East (BP),MEX,1.1310121021346096,-0.18694594155579514
906,Middle East (BP),MEX,1.2646076220663518,-0.16605006464873753
907,Middle East (BP),MEX,1.398203141998094,-0.12072081072034832
908,Middle East (BP),MEX,1.5317986619298365,-0.09699268849105046
909,Middle East (BP),MEX,1.6653941818615787,-0.07983320111904667
910,Morocco,MAR,-1.6744938164319783,-0.22553654107147272
911,Morocco,MAR,-1.540898296500236,-0.22553654107147272
912,Morocco,MAR,-1.4073027765684938,-0.22553654107147272
913,Morocco,MAR,-1.2737072566367516,-0.22553654107147272
914,Morocco,MAR,-1.140111736705009,-0.22541404069279786
915,Morocco,MAR,-1.0065162167732669,-0.2254085556012154
916,Morocco,MAR,-0.8729206968415246,-0.22539575705418968
917,Morocco,MAR,-0.7393251769097824,-0.22538295850716394
918,Morocco,MAR,-0.60572965697804,-0.2253701599601382
919,Morocco,MAR,-0.4721341370462978,-0.22535370468539084
920,Morocco,MAR,-0.3385386171145555,-0.2253390777745043
921,Morocco,MAR,-0.20494309718281326,-0.2253181430082979
922,Morocco,MAR,-0.07134757725107096,-0.22530168773355053
923,Morocco,MAR,0.06224794268067132,-0.2252907175503856
924,Morocco,MAR,0.1958434626124136,-0.2252888891865248
925,Morocco,MAR,0.3294389825441559,-0.22527738877784023
926,Morocco,MAR,0.46303450247589817,-0.22525910513923206
927,Morocco,MAR,0.5966300224076404,-0.22525910513923206
928,Morocco,MAR,0.7302255423393827,-0.2251781817547522
929,Morocco,MAR,0.863821062271125,-0.22517452502703056
930,Morocco,MAR,0.9974165822028672,-0.22513667789511163
931,Morocco,MAR,1.1310121021346096,-0.22509965352693004
932,Morocco,MAR,1.2646076220663518,-0.2219914349635378
933,Morocco,MAR,1.398203141998094,-0.2219912886944289
934,Morocco,MAR,1.5317986619298365,-0.2219895151814839
935,Morocco,MAR,1.6653941818615787,-0.2212526845455739
936,Netherlands,NLD,-1.6744938164319783,-0.22552374252444699
937,Netherlands,NLD,-1.540898296500236,-0.22551825743286455
938,Netherlands,NLD,-1.4073027765684938,-0.22551825743286455
939,Netherlands,NLD,-1.2737072566367516,-0.22544512287843177
940,Netherlands,NLD,-1.140111736705009,-0.22529885376956627
941,Netherlands,NLD,-1.0065162167732669,-0.22515258466070073
942,Netherlands,NLD,-0.8729206968415246,-0.2250611664676598
943,Netherlands,NLD,-0.7393251769097824,-0.22469549369549602
944,Netherlands,NLD,-0.60572965697804,-0.22462235914106324
945,Netherlands,NLD,-0.4721341370462978,-0.22460407550245504
946,Netherlands,NLD,-0.3385386171145555,-0.22456750822523866
947,Netherlands,NLD,-0.20494309718281326,-0.22454922458663049
948,Netherlands,NLD,-0.07134757725107096,-0.22445780639358953
949,Netherlands,NLD,0.06224794268067132,-0.22427497000750762
950,Netherlands,NLD,0.1958434626124136,-0.22389101359673566
951,Netherlands,NLD,0.3294389825441559,-0.22281227891885247
952,Netherlands,NLD,0.46303450247589817,-0.22028913679092227
953,Netherlands,NLD,0.5966300224076404,-0.21365217597614938
954,Netherlands,NLD,0.7302255423393827,-0.20712491699302568
955,Netherlands,NLD,0.863821062271125,-0.19763570855537518
956,Netherlands,NLD,0.9974165822028672,-0.18650097264298765
957,Netherlands,NLD,1.1310121021346096,-0.17231286908303242
958,Netherlands,NLD,1.2646076220663518,-0.1412855343649344
959,Netherlands,NLD,1.398203141998094,-0.0934189684886937
960,Netherlands,NLD,1.5317986619298365,-0.025335817730605434
961,Netherlands,NLD,1.6653941818615787,0.03498702545662282
962,North America,NLD,-1.6744938164319783,-0.22504471119291244
963,North America,NLD,-1.540898296500236,-0.22501362900727848
964,North America,NLD,-1.4073027765684938,-0.22494780790828903
965,North America,NLD,-1.2737072566367516,-0.22486735989841297
966,North America,NLD,-1.140111736705009,-0.22190542872752486
967,North America,NLD,-1.0065162167732669,-0.2211703350372826
968,North America,NLD,-0.8729206968415246,-0.22036272843632024
969,North America,NLD,-0.7393251769097824,-0.21962858549528558
970,North America,NLD,-0.60572965697804,-0.2183076291731211
971,North America,NLD,-0.4721341370462978,-0.21585228332565923
972,North America,NLD,-0.3385386171145555,-0.21202727244576236
973,North America,NLD,-0.20494309718281326,-0.20679164282847556
974,North America,NLD,-0.07134757725107096,-0.2033543187701359
975,North America,NLD,0.06224794268067132,-0.19354726755892065
976,North America,NLD,0.1958434626124136,-0.16718379651155416
977,North America,NLD,0.3294389825441559,-0.11863431844965892
978,North America,NLD,0.46303450247589817,-0.06133198721141946
979,North America,NLD,0.5966300224076404,0.013671155087096468
980,North America,NLD,0.7302255423393827,0.10368150795521454
981,North America,NLD,0.863821062271125,0.22941809066373534
982,North America,NLD,0.9974165822028672,0.4449200620503017
983,North America,NLD,1.1310121021346096,0.6131070300865206
984,North America,NLD,1.2646076220663518,0.7976467382247955
985,North America,NLD,1.398203141998094,1.005596104175091
986,North America,NLD,1.5317986619298365,1.2886906397286104
987,North America,NLD,1.6653941818615787,1.6920993792886203
988,North America (BP),NLD,-1.6744938164319783,-0.22504471119291244
989,North America (BP),NLD,-1.540898296500236,-0.22501362900727848
990,North America (BP),NLD,-1.4073027765684938,-0.22494780790828903
991,North America (BP),NLD,-1.2737072566367516,-0.22488564353702117
992,North America (BP),NLD,-1.140111736705009,-0.22193466426565936
993,North America (BP),NLD,-1.0065162167732669,-0.22120331872133175
994,North America (BP),NLD,-0.8729206968415246,-0.2203988386225714
995,North America (BP),NLD,-0.7393251769097824,-0.21966749307824382
996,North America (BP),NLD,-0.60572965697804,-0.21835107109845414
997,North America (BP),NLD,-0.4721341370462978,-0.21590106352495675
998,North America (BP),NLD,-0.3385386171145555,-0.21207978305584507
999,North America (BP),NLD,-0.20494309718281326,-0.20685066241390282
1000,North America (BP),NLD,-0.07134757725107096,-0.20341333835556313
1001,North America (BP),NLD,0.06224794268067132,-0.1936114796977126
1002,North America (BP),NLD,0.1958434626124136,-0.1672519579162855
1003,North America (BP),NLD,0.3294389825441559,-0.11871621086698503
1004,North America (BP),NLD,0.46303450247589817,-0.06142625765208331
1005,North America (BP),NLD,0.5966300224076404,0.01357688464643262
1006,North America (BP),NLD,0.7302255423393827,0.10358723751455072
1007,North America (BP),NLD,0.863821062271125,0.22222976844309386
1008,North America (BP),NLD,0.9974165822028672,0.43734774685161104
1009,North America (BP),NLD,1.1310121021346096,0.604810152573426
1010,North America (BP),NLD,1.2646076220663518,0.7882572121848369
1011,North America (BP),NLD,1.398203141998094,0.9962006908035002
1012,North America (BP),NLD,1.5317986619298365,1.2792953360588515
1013,North America (BP),NLD,1.6653941818615787,1.6827039659170298
1014,Oceania,NLD,-1.6744938164319783,-0.2252440028537417
1015,Oceania,NLD,-1.540898296500236,-0.2251891519379171
1016,Oceania,NLD,-1.4073027765684938,-0.22511601738348436
1017,Oceania,NLD,-1.2737072566367516,-0.22507945010626798
1018,Oceania,NLD,-1.140111736705009,-0.22507945010626798
1019,Oceania,NLD,-1.0065162167732669,-0.22500631555183523
1020,Oceania,NLD,-0.8729206968415246,-0.22491489735879427
1021,Oceania,NLD,-0.7393251769097824,-0.22482347916575332
1022,Oceania,NLD,-0.60572965697804,-0.22469549369549602
1023,Oceania,NLD,-0.4721341370462978,-0.22458579186384686
1024,Oceania,NLD,-0.3385386171145555,-0.22442123911637316
1025,Oceania,NLD,-0.20494309718281326,-0.22425668636889945
1026,Oceania,NLD,-0.07134757725107096,-0.22403728270560117
1027,Oceania,NLD,0.06224794268067132,-0.2195212239693783
1028,Oceania,NLD,0.1958434626124136,-0.20564394226576227
1029,Oceania,NLD,0.3294389825441559,-0.18037595370924406
1030,Oceania,NLD,0.46303450247589817,-0.15613184891478452
1031,Oceania,NLD,0.5966300224076404,-0.1420717308250866
1032,Oceania,NLD,0.7302255423393827,-0.12892579466579818
1033,Oceania,NLD,0.863821062271125,-0.11687687682300112
1034,Oceania,NLD,0.9974165822028672,-0.10329213333711616
1035,Oceania,NLD,1.1310121021346096,-0.09111523002406179
1036,Oceania,NLD,1.2646076220663518,-0.06787672535305266
1037,Oceania,NLD,1.398203141998094,0.011547400760923579
1038,Oceania,NLD,1.5317986619298365,0.09153831967175363
1039,Oceania,NLD,1.6653941818615787,0.12320558174113831
1040,Pakistan,PAK,-1.6744938164319783,-0.22553654107147272
1041,Pakistan,PAK,-1.540898296500236,-0.22553654107147272
1042,Pakistan,PAK,-1.4073027765684938,-0.22553654107147272
1043,Pakistan,PAK,-1.2737072566367516,-0.22553654107147272
1044,Pakistan,PAK,-1.140111736705009,-0.22553654107147272
1045,Pakistan,PAK,-1.0065162167732669,-0.22553654107147272
1046,Pakistan,PAK,-0.8729206968415246,-0.22553654107147272
1047,Pakistan,PAK,-0.7393251769097824,-0.22553654107147272
1048,Pakistan,PAK,-0.60572965697804,-0.22553654107147272
1049,Pakistan,PAK,-0.4721341370462978,-0.22553654107147272
1050,Pakistan,PAK,-0.3385386171145555,-0.22553654107147272
1051,Pakistan,PAK,-0.20494309718281326,-0.2255339813620676
1052,Pakistan,PAK,-0.07134757725107096,-0.2255156977234594
1053,Pakistan,PAK,0.06224794268067132,-0.22541458920195612
1054,Pakistan,PAK,0.1958434626124136,-0.22536696032338174
1055,Pakistan,PAK,0.3294389825441559,-0.22519588031692495
1056,Pakistan,PAK,0.46303450247589817,-0.22469946124507398
1057,Pakistan,PAK,0.5966300224076404,-0.22369614657644957
1058,Pakistan,PAK,0.7302255423393827,-0.22251310374030667
1059,Pakistan,PAK,0.863821062271125,-0.22068201561733505
1060,Pakistan,PAK,0.9974165822028672,-0.21475824469375182
1061,Pakistan,PAK,1.1310121021346096,-0.2135662611583295
1062,Pakistan,PAK,1.2646076220663518,-0.2131199575399036
1063,Pakistan,PAK,1.398203141998094,-0.2115804020345396
1064,Pakistan,PAK,1.5317986619298365,-0.2098068890895452
1065,Pakistan,PAK,1.6653941818615787,-0.20572963767991886
1066,Philippines,PHL,-1.6744938164319783,-0.22553654107147272
1067,Philippines,PHL,-1.540898296500236,-0.22553654107147272
1068,Philippines,PHL,-1.4073027765684938,-0.22553654107147272
1069,Philippines,PHL,-1.2737072566367516,-0.22553654107147272
1070,Philippines,PHL,-1.140111736705009,-0.22553654107147272
1071,Philippines,PHL,-1.0065162167732669,-0.22553654107147272
1072,Philippines,PHL,-0.8729206968415246,-0.22553654107147272
1073,Philippines,PHL,-0.7393251769097824,-0.22553654107147272
1074,Philippines,PHL,-0.60572965697804,-0.22549997379425635
1075,Philippines,PHL,-0.4721341370462978,-0.22549960812148417
1076,Philippines,PHL,-0.3385386171145555,-0.22549960812148417
1077,Philippines,PHL,-0.20494309718281326,-0.22549960812148417
1078,Philippines,PHL,-0.07134757725107096,-0.22549960812148417
1079,Philippines,PHL,0.06224794268067132,-0.22549960812148417
1080,Philippines,PHL,0.1958434626124136,-0.22549960812148417
1081,Philippines,PHL,0.3294389825441559,-0.22549960812148417
1082,Philippines,PHL,0.46303450247589817,-0.22549960812148417
1083,Philippines,PHL,0.5966300224076404,-0.22548083082463358
1084,Philippines,PHL,0.7302255423393827,-0.22502940778739736
1085,Philippines,PHL,0.863821062271125,-0.2223816992296296
1086,Philippines,PHL,0.9974165822028672,-0.2111995172750538
1087,Philippines,PHL,1.1310121021346096,-0.20892812256711976
1088,Philippines,PHL,1.2646076220663518,-0.20877115752966846
1089,Philippines,PHL,1.398203141998094,-0.20757751018313278
1090,Philippines,PHL,1.5317986619298365,-0.20619462717700235
1091,Philippines,PHL,1.6653941818615787,-0.2004928196261226
1092,Poland,POL,-1.540898296500236,-0.22553654107147272
1093,Poland,POL,-1.4073027765684938,-0.22553654107147272
1094,Poland,POL,-1.2737072566367516,-0.22553654107147272
1095,Poland,POL,-1.140111736705009,-0.22553654107147272
1096,Poland,POL,-1.0065162167732669,-0.22553654107147272
1097,Poland,POL,-0.8729206968415246,-0.22553654107147272
1098,Poland,POL,-0.7393251769097824,-0.22553654107147272
1099,Poland,POL,-0.60572965697804,-0.22553654107147272
1100,Poland,POL,-0.4721341370462978,-0.22553654107147272
1101,Poland,POL,-0.3385386171145555,-0.22553654107147272
1102,Poland,POL,-0.20494309718281326,-0.22553654107147272
1103,Poland,POL,-0.07134757725107096,-0.22553654107147272
1104,Poland,POL,0.06224794268067132,-0.22553654107147272
1105,Poland,POL,0.1958434626124136,-0.22553654107147272
1106,Poland,POL,0.3294389825441559,-0.22551624623261762
1107,Poland,POL,0.46303450247589817,-0.22551277234128206
1108,Poland,POL,0.5966300224076404,-0.22549278832428332
1109,Poland,POL,0.7302255423393827,-0.22504014028326036
1110,Poland,POL,0.863821062271125,-0.22356598535319785
1111,Poland,POL,0.9974165822028672,-0.22211298459300505
1112,Poland,POL,1.1310121021346096,-0.2202874729798089
1113,Poland,POL,1.2646076220663518,-0.2152615749809967
1114,Poland,POL,1.398203141998094,-0.1973932857910692
1115,Poland,POL,1.5317986619298365,-0.15322542687071083
1116,Poland,POL,1.6653941818615787,-0.11114031207512717
1117,Portugal,PRT,-1.6744938164319783,-0.22552922761602945
1118,Portugal,PRT,-1.540898296500236,-0.2255273992521686
1119,Portugal,PRT,-1.4073027765684938,-0.2255255708883078
1120,Portugal,PRT,-1.2737072566367516,-0.22552008579672536
1121,Portugal,PRT,-1.140111736705009,-0.22551825743286455
1122,Portugal,PRT,-1.0065162167732669,-0.22551825743286455
1123,Portugal,PRT,-0.8729206968415246,-0.22551825743286455
1124,Portugal,PRT,-0.7393251769097824,-0.22549997379425635
1125,Portugal,PRT,-0.60572965697804,-0.22549997379425635
1126,Portugal,PRT,-0.4721341370462978,-0.22549997379425635
1127,Portugal,PRT,-0.3385386171145555,-0.22548169015564815
1128,Portugal,PRT,-0.20494309718281326,-0.22509773374487618
1129,Portugal,PRT,-0.07134757725107096,-0.22445780639358953
1130,Portugal,PRT,0.06224794268067132,-0.2234339226315309
1131,Portugal,PRT,0.1958434626124136,-0.2230865334979753
1132,Portugal,PRT,0.3294389825441559,-0.22239175523086407
1133,Portugal,PRT,0.46303450247589817,-0.22118503508272358
1134,Portugal,PRT,0.5966300224076404,-0.2201245840434486
1135,Portugal,PRT,0.7302255423393827,-0.217948831049074
1136,Portugal,PRT,0.863821062271125,-0.21736375461361193
1137,Portugal,PRT,0.9974165822028672,-0.21616025238586642
1138,Portugal,PRT,1.1310121021346096,-0.21494599937861933
1139,Portugal,PRT,1.2646076220663518,-0.21333347387157003
1140,Portugal,PRT,1.398203141998094,-0.20905497445178337
1141,Portugal,PRT,1.5317986619298365,-0.20541919977999043
1142,Portugal,PRT,1.6653941818615787,-0.19260236911564943
1143,Romania,ROU,-1.6744938164319783,-0.22553654107147272
1144,Romania,ROU,-1.540898296500236,-0.22553654107147272
1145,Romania,ROU,-1.4073027765684938,-0.22553654107147272
1146,Romania,ROU,-1.2737072566367516,-0.22553654107147272
1147,Romania,ROU,-1.140111736705009,-0.22553654107147272
1148,Romania,ROU,-1.0065162167732669,-0.22553654107147272
1149,Romania,ROU,-0.8729206968415246,-0.22553654107147272
1150,Romania,ROU,-0.7393251769097824,-0.22553654107147272
1151,Romania,ROU,-0.60572965697804,-0.22553654107147272
1152,Romania,ROU,-0.4721341370462978,-0.22553654107147272
1153,Romania,ROU,-0.3385386171145555,-0.22553654107147272
1154,Romania,ROU,-0.20494309718281326,-0.22553654107147272
1155,Romania,ROU,-0.07134757725107096,-0.2255347127076119
1156,Romania,ROU,0.06224794268067132,-0.2255347127076119
1157,Romania,ROU,0.1958434626124136,-0.2255347127076119
1158,Romania,ROU,0.3294389825441559,-0.22551825743286455
1159,Romania,ROU,0.46303450247589817,-0.22478691188853694
1160,Romania,ROU,0.5966300224076404,-0.21162269209064036
1161,Romania,ROU,0.7302255423393827,-0.2018957963510834
1162,Romania,ROU,0.863821062271125,-0.20129243627701313
1163,Romania,ROU,0.9974165822028672,-0.20045138890103642
1164,Romania,ROU,1.1310121021346096,-0.20041246303443958
1165,Romania,ROU,1.2646076220663518,-0.2001987090154712
1166,Romania,ROU,1.398203141998094,-0.1999814079706129
1167,Romania,ROU,1.5317986619298365,-0.2002586976337447
1168,Romania,ROU,1.6653941818615787,-0.19998444305462185
1169,Russia,RUS,-1.6744938164319783,-0.22553654107147272
1170,Russia,RUS,-1.540898296500236,-0.22553654107147272
1171,Russia,RUS,-1.4073027765684938,-0.22553654107147272
1172,Russia,RUS,-1.2737072566367516,-0.22553654107147272
1173,Russia,RUS,-1.140111736705009,-0.22553654107147272
1174,Russia,RUS,-1.0065162167732669,-0.22553654107147272
1175,Russia,RUS,-0.8729206968415246,-0.22553654107147272
1176,Russia,RUS,-0.7393251769097824,-0.22553654107147272
1177,Russia,RUS,-0.60572965697804,-0.22553654107147272
1178,Russia,RUS,-0.4721341370462978,-0.22553654107147272
1179,Russia,RUS,-0.3385386171145555,-0.22553654107147272
1180,Russia,RUS,-0.20494309718281326,-0.22553654107147272
1181,Russia,RUS,-0.07134757725107096,-0.22553654107147272
1182,Russia,RUS,0.06224794268067132,-0.22553654107147272
1183,Russia,RUS,0.1958434626124136,-0.22553635823508666
1184,Russia,RUS,0.3294389825441559,-0.22553612054778474
1185,Russia,RUS,0.46303450247589817,-0.22553484069308216
1186,Russia,RUS,0.5966300224076404,-0.22551352197046504
1187,Russia,RUS,0.7302255423393827,-0.22544512287843177
1188,Russia,RUS,0.863821062271125,-0.22441538835201852
1189,Russia,RUS,0.9974165822028672,-0.22414113377289568
1190,Russia,RUS,1.1310121021346096,-0.22141687162027543
1191,Russia,RUS,1.2646076220663518,-0.21574894365173658
1192,Russia,RUS,1.398203141998094,-0.202200767443068
1193,Russia,RUS,1.5317986619298365,-0.19943079619392726
1194,Russia,RUS,1.6653941818615787,-0.1951670516704974
1195,Slovakia,SVK,-1.6744938164319783,-0.22553654107147272
1196,Slovakia,SVK,-1.540898296500236,-0.22553654107147272
1197,Slovakia,SVK,-1.4073027765684938,-0.22553654107147272
1198,Slovakia,SVK,-1.2737072566367516,-0.22553654107147272
1199,Slovakia,SVK,-1.140111736705009,-0.22553654107147272
1200,Slovakia,SVK,-1.0065162167732669,-0.22553654107147272
1201,Slovakia,SVK,-0.8729206968415246,-0.22553654107147272
1202,Slovakia,SVK,-0.7393251769097824,-0.22553654107147272
1203,Slovakia,SVK,-0.60572965697804,-0.22553654107147272
1204,Slovakia,SVK,-0.4721341370462978,-0.22553654107147272
1205,Slovakia,SVK,-0.3385386171145555,-0.22553654107147272
1206,Slovakia,SVK,-0.20494309718281326,-0.22553654107147272
1207,Slovakia,SVK,-0.07134757725107096,-0.22553654107147272
1208,Slovakia,SVK,0.06224794268067132,-0.22553654107147272
1209,Slovakia,SVK,0.1958434626124136,-0.2251891519379171
1210,Slovakia,SVK,0.3294389825441559,-0.21646785632181062
1211,Slovakia,SVK,0.46303450247589817,-0.21615703446547138
1212,Slovakia,SVK,0.5966300224076404,-0.21579136169330762
1213,Slovakia,SVK,0.7302255423393827,-0.21579136169330762
1214,Slovakia,SVK,0.863821062271125,-0.21579136169330762
1215,Slovakia,SVK,0.9974165822028672,-0.21579136169330762
1216,Slovakia,SVK,1.1310121021346096,-0.21588277988634855
1217,Slovakia,SVK,1.2646076220663518,-0.2169066636484072
1218,Slovakia,SVK,1.398203141998094,-0.21474919429264078
1219,Slovakia,SVK,1.5317986619298365,-0.21575479441609122
1220,Slovakia,SVK,1.6653941818615787,-0.21575479441609122
1221,South Africa,ZAF,-1.6744938164319783,-0.22553654107147272
1222,South Africa,ZAF,-1.540898296500236,-0.22549997379425635
1223,South Africa,ZAF,-1.4073027765684938,-0.22546340651703997
1224,South Africa,ZAF,-1.2737072566367516,-0.2254268392398236
1225,South Africa,ZAF,-1.140111736705009,-0.22553654107147272
1226,South Africa,ZAF,-1.0065162167732669,-0.22553654107147272
1227,South Africa,ZAF,-0.8729206968415246,-0.22553654107147272
1228,South Africa,ZAF,-0.7393251769097824,-0.22553654107147272
1229,South Africa,ZAF,-0.60572965697804,-0.22553654107147272
1230,South Africa,ZAF,-0.4721341370462978,-0.22553654107147272
1231,South Africa,ZAF,-0.3385386171145555,-0.22553654107147272
1232,South Africa,ZAF,-0.20494309718281326,-0.22553654107147272
1233,South Africa,ZAF,-0.07134757725107096,-0.22553654107147272
1234,South Africa,ZAF,0.06224794268067132,-0.22553654107147272
1235,South Africa,ZAF,0.1958434626124136,-0.2255007234234393
1236,South Africa,ZAF,0.3294389825441559,-0.22543309224422758
1237,South Africa,ZAF,0.46303450247589817,-0.22532988110428437
1238,South Africa,ZAF,0.5966300224076404,-0.22075308412060507
1239,South Africa,ZAF,0.7302255423393827,-0.20610284331118925
1240,South Africa,ZAF,0.863821062271125,-0.20265171510570038
1241,South Africa,ZAF,0.9974165822028672,-0.18944416308430237
1242,South Africa,ZAF,1.1310121021346096,-0.16800286695392386
1243,South Africa,ZAF,1.2646076220663518,-0.14507154569517086
1244,South Africa,ZAF,1.398203141998094,-0.1449972775551444
1245,South Africa,ZAF,1.5317986619298365,-0.12516708080800373
1246,South Africa,ZAF,1.6653941818615787,-0.12093410764835147
1247,South America,ZAF,-1.6744938164319783,-0.22553654107147272
1248,South America,ZAF,-1.540898296500236,-0.22553654107147272
1249,South America,ZAF,-1.4073027765684938,-0.22553654107147272
1250,South America,ZAF,-1.2737072566367516,-0.22553654107147272
1251,South America,ZAF,-1.140111736705009,-0.2255360839805075
1252,South America,ZAF,-1.0065162167732669,-0.22553540748587902
1253,South America,ZAF,-0.8729206968415246,-0.22553540748587902
1254,South America,ZAF,-0.7393251769097824,-0.2255229746108941
1255,South America,ZAF,-0.60572965697804,-0.22552293804434825
1256,South America,ZAF,-0.4721341370462978,-0.22552293804434825
1257,South America,ZAF,-0.3385386171145555,-0.22552293804434825
1258,South America,ZAF,-0.20494309718281326,-0.22552293804434825
1259,South America,ZAF,-0.07134757725107096,-0.22552209699697226
1260,South America,ZAF,0.06224794268067132,-0.22552118281449335
1261,South America,ZAF,0.1958434626124136,-0.2255204514694975
1262,South America,ZAF,0.3294389825441559,-0.22540217461134116
1263,South America,ZAF,0.46303450247589817,-0.22526484620175502
1264,South America,ZAF,0.5966300224076404,-0.22488226106387865
1265,South America,ZAF,0.7302255423393827,-0.2209665638849943
1266,South America,ZAF,0.863821062271125,-0.21401446627517065
1267,South America,ZAF,0.9974165822028672,-0.2024699940215736
1268,South America,ZAF,1.1310121021346096,-0.17023597572261231
1269,South America,ZAF,1.2646076220663518,-0.1384468532019041
1270,South America,ZAF,1.398203141998094,-0.08458797104093807
1271,South America,ZAF,1.5317986619298365,-0.00889864378545677
1272,South America,ZAF,1.6653941818615787,0.11246026904746655
1273,South Korea,KOR,-1.6744938164319783,-0.22553654107147272
1274,South Korea,KOR,-1.540898296500236,-0.22553654107147272
1275,South Korea,KOR,-1.4073027765684938,-0.22553654107147272
1276,South Korea,KOR,-1.2737072566367516,-0.22553654107147272
1277,South Korea,KOR,-1.140111736705009,-0.22546340651703997
1278,South Korea,KOR,-1.0065162167732669,-0.22544512287843177
1279,South Korea,KOR,-0.8729206968415246,-0.22544512287843177
1280,South Korea,KOR,-0.7393251769097824,-0.2254268392398236
1281,South Korea,KOR,-0.60572965697804,-0.22537198832399902
1282,South Korea,KOR,-0.4721341370462978,-0.2252805701309581
1283,South Korea,KOR,-0.3385386171145555,-0.2248783300815779
1284,South Korea,KOR,-0.20494309718281326,-0.22405556634420937
1285,South Korea,KOR,-0.07134757725107096,-0.219009282088349
1286,South Korea,KOR,0.06224794268067132,-0.2159559144407813
1287,South Korea,KOR,0.1958434626124136,-0.21365217597614938
1288,South Korea,KOR,0.3294389825441559,-0.2121894848874942
1289,South Korea,KOR,0.46303450247589817,-0.20681409513668642
1290,South Korea,KOR,0.5966300224076404,-0.1971054830357377
1291,South Korea,KOR,0.7302255423393827,-0.180174833684554
1292,South Korea,KOR,0.863821062271125,-0.15944118750286684
1293,South Korea,KOR,0.9974165822028672,-0.14322360005740253
1294,South Korea,KOR,1.1310121021346096,-0.11885150979268562
1295,South Korea,KOR,1.2646076220663518,-0.07745735198374405
1296,South Korea,KOR,1.398203141998094,-0.007010492426389013
1297,South Korea,KOR,1.5317986619298365,0.040943670362423544
1298,South Korea,KOR,1.6653941818615787,0.10650483086181398
1299,South and Central America (BP),KOR,-1.6744938164319783,-0.22553654107147272
1300,South and Central America (BP),KOR,-1.540898296500236,-0.22553654107147272
1301,South and Central America (BP),KOR,-1.4073027765684938,-0.22553654107147272
1302,South and Central America (BP),KOR,-1.2737072566367516,-0.22549997379425635
1303,South and Central America (BP),KOR,-1.140111736705009,-0.2254538624576865
1304,South and Central America (BP),KOR,-1.0065162167732669,-0.2254018455058462
1305,South and Central America (BP),KOR,-0.8729206968415246,-0.22535972000249294
1306,South and Central America (BP),KOR,-0.7393251769097824,-0.225309458279959
1307,South and Central America (BP),KOR,-0.60572965697804,-0.22526936226049124
1308,South and Central America (BP),KOR,-0.4721341370462978,-0.2252254815278316
1309,South and Central America (BP),KOR,-0.3385386171145555,-0.2251201677694484
1310,South and Central America (BP),KOR,-0.20494309718281326,-0.2250066446573302
1311,South and Central America (BP),KOR,-0.07134757725107096,-0.22484181765527733
1312,South and Central America (BP),KOR,0.06224794268067132,-0.22439940845187498
1313,South and Central America (BP),KOR,0.1958434626124136,-0.2233472764681667
1314,South and Central America (BP),KOR,0.3294389825441559,-0.22209625506367853
1315,South and Central America (BP),KOR,0.46303450247589817,-0.21885381630926354
1316,South and Central America (BP),KOR,0.5966300224076404,-0.21677249830830028
1317,South and Central America (BP),KOR,0.7302255423393827,-0.21077222864078038
1318,South and Central America (BP),KOR,0.863821062271125,-0.1907442577748149
1319,South and Central America (BP),KOR,0.9974165822028672,-0.1751385140117351
1320,South and Central America (BP),KOR,1.1310121021346096,-0.12894746077754887
1321,South and Central America (BP),KOR,1.2646076220663518,-0.08825797268420554
1322,South and Central America (BP),KOR,1.398203141998094,-0.023976538901918178
1323,South and Central America (BP),KOR,1.5317986619298365,0.05866611096717352
1324,South and Central America (BP),KOR,1.6653941818615787,0.19163070967575416
1325,Spain,ESP,-1.6744938164319783,-0.22551825743286455
1326,Spain,ESP,-1.540898296500236,-0.22551825743286455
1327,Spain,ESP,-1.4073027765684938,-0.22551825743286455
1328,Spain,ESP,-1.2737072566367516,-0.22549997379425635
1329,Spain,ESP,-1.140111736705009,-0.22535370468539084
1330,Spain,ESP,-1.0065162167732669,-0.22529885376956627
1331,Spain,ESP,-0.8729206968415246,-0.2252257192151335
1332,Spain,ESP,-0.7393251769097824,-0.22513430102209256
1333,Spain,ESP,-0.60572965697804,-0.22493318099740248
1334,Spain,ESP,-0.4721341370462978,-0.22458579186384686
1335,Spain,ESP,-0.3385386171145555,-0.22315966805240806
1336,Spain,ESP,-0.20494309718281326,-0.216504423599027
1337,Spain,ESP,-0.07134757725107096,-0.16366470802135866
1338,Spain,ESP,0.06224794268067132,-0.16295164611563925
1339,Spain,ESP,0.1958434626124136,-0.15472400874195386
1340,Spain,ESP,0.3294389825441559,-0.14722771691259606
1341,Spain,ESP,0.46303450247589817,-0.14199859627065384
1342,Spain,ESP,0.5966300224076404,-0.13978627599906285
1343,Spain,ESP,0.7302255423393827,-0.13965829052880555
1344,Spain,ESP,0.863821062271125,-0.13953030505854822
1345,Spain,ESP,0.9974165822028672,-0.1393657523110745
1346,Spain,ESP,1.1310121021346096,-0.1391829159249926
1347,Spain,ESP,1.2646076220663518,-0.13844047221202985
1348,Spain,ESP,1.398203141998094,-0.06392283365311577
1349,Spain,ESP,1.5317986619298365,-0.03748059669062519
1350,Spain,ESP,1.6653941818615787,0.024007279948716913
1351,Sweden,SWE,-1.6744938164319783,-0.22549997379425635
1352,Sweden,SWE,-1.540898296500236,-0.22549997379425635
1353,Sweden,SWE,-1.4073027765684938,-0.22549997379425635
1354,Sweden,SWE,-1.2737072566367516,-0.22548169015564815
1355,Sweden,SWE,-1.140111736705009,-0.22548169015564815
1356,Sweden,SWE,-1.0065162167732669,-0.22548169015564815
1357,Sweden,SWE,-0.8729206968415246,-0.22548169015564815
1358,Sweden,SWE,-0.7393251769097824,-0.22546340651703997
1359,Sweden,SWE,-0.60572965697804,-0.22546340651703997
1360,Sweden,SWE,-0.4721341370462978,-0.22546340651703997
1361,Sweden,SWE,-0.3385386171145555,-0.22544512287843177
1362,Sweden,SWE,-0.20494309718281326,-0.2254268392398236
1363,Sweden,SWE,-0.07134757725107096,-0.22539027196260722
1364,Sweden,SWE,0.06224794268067132,-0.22537198832399902
1365,Sweden,SWE,0.1958434626124136,-0.22533542104678264
1366,Sweden,SWE,0.3294389825441559,-0.22531713740817444
1367,Sweden,SWE,0.46303450247589817,-0.22509773374487618
1368,Sweden,SWE,0.5966300224076404,-0.22475034461132057
1369,Sweden,SWE,0.7302255423393827,-0.22443952275498133
1370,Sweden,SWE,0.863821062271125,-0.223635042656221
1371,Sweden,SWE,0.9974165822028672,-0.2227391443644197
1372,Sweden,SWE,1.1310121021346096,-0.22107533325107442
1373,Sweden,SWE,1.2646076220663518,-0.21771114374716752
1374,Sweden,SWE,1.398203141998094,-0.21248202310522524
1375,Sweden,SWE,1.5317986619298365,-0.2052965531322067
1376,Sweden,SWE,1.6653941818615787,-0.19669592953091422
1377,Switzerland,CHE,-1.6744938164319783,-0.22539027196260722
1378,Switzerland,CHE,-1.540898296500236,-0.22535370468539084
1379,Switzerland,CHE,-1.4073027765684938,-0.22531713740817444
1380,Switzerland,CHE,-1.2737072566367516,-0.22529885376956627
1381,Switzerland,CHE,-1.140111736705009,-0.2252440028537417
1382,Switzerland,CHE,-1.0065162167732669,-0.2252074355765253
1383,Switzerland,CHE,-0.8729206968415246,-0.22517086829930893
1384,Switzerland,CHE,-0.7393251769097824,-0.22513430102209256
1385,Switzerland,CHE,-0.60572965697804,-0.22509773374487618
1386,Switzerland,CHE,-0.4721341370462978,-0.2250245991904434
1387,Switzerland,CHE,-0.3385386171145555,-0.22498803191322705
1388,Switzerland,CHE,-0.20494309718281326,-0.2248600464429697
1389,Switzerland,CHE,-0.07134757725107096,-0.22464064277967144
1390,Switzerland,CHE,0.06224794268067132,-0.22409213362142572
1391,Switzerland,CHE,0.1958434626124136,-0.223251086245449
1392,Switzerland,CHE,0.3294389825441559,-0.22145928966184641
1393,Switzerland,CHE,0.46303450247589817,-0.2175465909996938
1394,Switzerland,CHE,0.5966300224076404,-0.21171411028368128
1395,Switzerland,CHE,0.7302255423393827,-0.20613760050818342
1396,Switzerland,CHE,0.863821062271125,-0.20004914885165623
1397,Switzerland,CHE,0.9974165822028672,-0.195112566427445
1398,Switzerland,CHE,1.1310121021346096,-0.1906879258842631
1399,Switzerland,CHE,1.2646076220663518,-0.18580619437587642
1400,Switzerland,CHE,1.398203141998094,-0.17986401182821474
1401,Switzerland,CHE,1.5317986619298365,-0.17117215287026744
1402,Switzerland,CHE,1.6653941818615787,-0.16248029391232013
1403,Taiwan,TWN,-1.6744938164319783,-0.22553654107147272
1404,Taiwan,TWN,-1.540898296500236,-0.22553654107147272
1405,Taiwan,TWN,-1.4073027765684938,-0.22553654107147272
1406,Taiwan,TWN,-1.2737072566367516,-0.22553654107147272
1407,Taiwan,TWN,-1.140111736705009,-0.2255347127076119
1408,Taiwan,TWN,-1.0065162167732669,-0.2255328843437511
1409,Taiwan,TWN,-0.8729206968415246,-0.22553050747073203
1410,Taiwan,TWN,-0.7393251769097824,-0.22552831343409901
1411,Taiwan,TWN,-0.60572965697804,-0.22552611939746606
1412,Taiwan,TWN,-0.4721341370462978,-0.2255175260873202
1413,Taiwan,TWN,-0.3385386171145555,-0.2255107611410352
1414,Taiwan,TWN,-0.20494309718281326,-0.22549192899326875
1415,Taiwan,TWN,-0.07134757725107096,-0.22543451836803902
1416,Taiwan,TWN,0.06224794268067132,-0.22536266366830884
1417,Taiwan,TWN,0.1958434626124136,-0.22490474993936674
1418,Taiwan,TWN,0.3294389825441559,-0.2231612770126056
1419,Taiwan,TWN,0.46303450247589817,-0.22130788285053202
1420,Taiwan,TWN,0.5966300224076404,-0.21804138282770863
1421,Taiwan,TWN,0.7302255423393827,-0.21390904281495585
1422,Taiwan,TWN,0.863821062271125,-0.20936921534854233
1423,Taiwan,TWN,0.9974165822028672,-0.20277240540415303
1424,Taiwan,TWN,1.1310121021346096,-0.19321651653649852
1425,Taiwan,TWN,1.2646076220663518,-0.17547376280925484
1426,Taiwan,TWN,1.398203141998094,-0.14966786960488368
1427,Taiwan,TWN,1.5317986619298365,-0.11917686714171835
1428,Taiwan,TWN,1.6653941818615787,-0.08474862937338823
1429,Thailand,THA,-1.6744938164319783,-0.22553654107147272
1430,Thailand,THA,-1.540898296500236,-0.22553654107147272
1431,Thailand,THA,-1.4073027765684938,-0.22553654107147272
1432,Thailand,THA,-1.2737072566367516,-0.22553654107147272
1433,Thailand,THA,-1.140111736705009,-0.22553654107147272
1434,Thailand,THA,-1.0065162167732669,-0.22553654107147272
1435,Thailand,THA,-0.8729206968415246,-0.22553654107147272
1436,Thailand,THA,-0.7393251769097824,-0.22553654107147272
1437,Thailand,THA,-0.60572965697804,-0.22553654107147272
1438,Thailand,THA,-0.4721341370462978,-0.22553654107147272
1439,Thailand,THA,-0.3385386171145555,-0.2249805356213977
1440,Thailand,THA,-0.20494309718281326,-0.22494689372635862
1441,Thailand,THA,-0.07134757725107096,-0.2249450653624978
1442,Thailand,THA,0.06224794268067132,-0.2248600464429697
1443,Thailand,THA,0.1958434626124136,-0.2246479562351147
1444,Thailand,THA,0.3294389825441559,-0.2240976187130082
1445,Thailand,THA,0.46303450247589817,-0.21864909440776767
1446,Thailand,THA,0.5966300224076404,-0.2104799646776285
1447,Thailand,THA,0.7302255423393827,-0.20179523633873833
1448,Thailand,THA,0.863821062271125,-0.19958108770328659
1449,Thailand,THA,0.9974165822028672,-0.18081293267197981
1450,Thailand,THA,1.1310121021346096,-0.17622081399914688
1451,Thailand,THA,1.2646076220663518,-0.1713723587130271
1452,Thailand,THA,1.398203141998094,-0.17100339488591385
1453,Thailand,THA,1.5317986619298365,-0.17100339488591385
1454,Thailand,THA,1.6653941818615787,-0.16988809293081428
1455,Turkey,TUR,-1.6744938164319783,-0.22553654107147272
1456,Turkey,TUR,-1.540898296500236,-0.22553654107147272
1457,Turkey,TUR,-1.4073027765684938,-0.22553654107147272
1458,Turkey,TUR,-1.2737072566367516,-0.22553654107147272
1459,Turkey,TUR,-1.140111736705009,-0.2255347127076119
1460,Turkey,TUR,-1.0065162167732669,-0.2255310559798903
1461,Turkey,TUR,-0.8729206968415246,-0.2255255708883078
1462,Turkey,TUR,-0.7393251769097824,-0.22551825743286455
1463,Turkey,TUR,-0.60572965697804,-0.22550911561356043
1464,Turkey,TUR,-0.4721341370462978,-0.22549997379425635
1465,Turkey,TUR,-0.3385386171145555,-0.22549083197495226
1466,Turkey,TUR,-0.20494309718281326,-0.22548169015564815
1467,Turkey,TUR,-0.07134757725107096,-0.2254688916086224
1468,Turkey,TUR,0.06224794268067132,-0.22545060797001423
1469,Turkey,TUR,0.1958434626124136,-0.22543232433140606
1470,Turkey,TUR,0.3294389825441559,-0.22541404069279786
1471,Turkey,TUR,0.46303450247589817,-0.22532262249975693
1472,Turkey,TUR,0.5966300224076404,-0.22521292066810777
1473,Turkey,TUR,0.7302255423393827,-0.22480519552714515
1474,Turkey,TUR,0.863821062271125,-0.22098391505803347
1475,Turkey,TUR,0.9974165822028672,-0.21030627011085068
1476,Turkey,TUR,1.1310121021346096,-0.1629936984844381
1477,Turkey,TUR,1.2646076220663518,-0.1329736459845425
1478,Turkey,TUR,1.398203141998094,-0.11592329365139101
1479,Turkey,TUR,1.5317986619298365,-0.10363303177896586
1480,Turkey,TUR,1.6653941818615787,-0.08263975792904239
1481,Ukraine,UKR,-1.6744938164319783,-0.22553654107147272
1482,Ukraine,UKR,-1.540898296500236,-0.22553654107147272
1483,Ukraine,UKR,-1.4073027765684938,-0.22553654107147272
1484,Ukraine,UKR,-1.2737072566367516,-0.22553654107147272
1485,Ukraine,UKR,-1.140111736705009,-0.22553654107147272
1486,Ukraine,UKR,-1.0065162167732669,-0.22553654107147272
1487,Ukraine,UKR,-0.8729206968415246,-0.22553654107147272
1488,Ukraine,UKR,-0.7393251769097824,-0.22553654107147272
1489,Ukraine,UKR,-0.60572965697804,-0.22553654107147272
1490,Ukraine,UKR,-0.4721341370462978,-0.22553654107147272
1491,Ukraine,UKR,-0.3385386171145555,-0.22553654107147272
1492,Ukraine,UKR,-0.20494309718281326,-0.22553654107147272
1493,Ukraine,UKR,-0.07134757725107096,-0.22553654107147272
1494,Ukraine,UKR,0.06224794268067132,-0.22553654107147272
1495,Ukraine,UKR,0.1958434626124136,-0.22549083197495226
1496,Ukraine,UKR,0.3294389825441559,-0.22209556028541141
1497,Ukraine,UKR,0.46303450247589817,-0.2187423409646694
1498,Ukraine,UKR,0.5966300224076404,-0.2118530659371035
1499,Ukraine,UKR,0.7302255423393827,-0.2105604126875045
1500,Ukraine,UKR,0.863821062271125,-0.21015634427426352
1501,Ukraine,UKR,0.9974165822028672,-0.20808115129223398
1502,Ukraine,UKR,1.1310121021346096,-0.20359617474164507
1503,Ukraine,UKR,1.2646076220663518,-0.18892011743451445
1504,Ukraine,UKR,1.398203141998094,-0.11701056678850422
1505,Ukraine,UKR,1.5317986619298365,-0.09149918643483378
1506,Ukraine,UKR,1.6653941818615787,-0.0781338466122471
1507,United Arab Emirates,ARE,-1.6744938164319783,-0.22553654107147272
1508,United Arab Emirates,ARE,-1.540898296500236,-0.22553654107147272
1509,United Arab Emirates,ARE,-1.4073027765684938,-0.22553654107147272
1510,United Arab Emirates,ARE,-1.2737072566367516,-0.22553654107147272
1511,United Arab Emirates,ARE,-1.140111736705009,-0.22553654107147272
1512,United Arab Emirates,ARE,-1.0065162167732669,-0.22553654107147272
1513,United Arab Emirates,ARE,-0.8729206968415246,-0.22553654107147272
1514,United Arab Emirates,ARE,-0.7393251769097824,-0.22553654107147272
1515,United Arab Emirates,ARE,-0.60572965697804,-0.22553654107147272
1516,United Arab Emirates,ARE,-0.4721341370462978,-0.22553654107147272
1517,United Arab Emirates,ARE,-0.3385386171145555,-0.22553654107147272
1518,United Arab Emirates,ARE,-0.20494309718281326,-0.22553654107147272
1519,United Arab Emirates,ARE,-0.07134757725107096,-0.22553654107147272
1520,United Arab Emirates,ARE,0.06224794268067132,-0.22535231512885662
1521,United Arab Emirates,ARE,0.1958434626124136,-0.22533860239990047
1522,United Arab Emirates,ARE,0.3294389825441559,-0.2253034063955797
1523,United Arab Emirates,ARE,0.46303450247589817,-0.22529508734001297
1524,United Arab Emirates,ARE,0.5966300224076404,-0.2250647866281042
1525,United Arab Emirates,ARE,0.7302255423393827,-0.22493005449520048
1526,United Arab Emirates,ARE,0.863821062271125,-0.22492575784012755
1527,United Arab Emirates,ARE,0.9974165822028672,-0.2247977723698702
1528,United Arab Emirates,ARE,1.1310121021346096,-0.22087355501539443
1529,United Arab Emirates,ARE,1.2646076220663518,-0.21642571253481874
1530,United Arab Emirates,ARE,1.398203141998094,-0.19229926295480287
1531,United Arab Emirates,ARE,1.5317986619298365,-0.1852138593358869
1532,United Arab Emirates,ARE,1.6653941818615787,-0.1779068031661239
1533,United Kingdom,GBR,-1.6744938164319783,-0.2255328843437511
1534,United Kingdom,GBR,-1.540898296500236,-0.22552922761602945
1535,United Kingdom,GBR,-1.4073027765684938,-0.2255273992521686
1536,United Kingdom,GBR,-1.2737072566367516,-0.22552008579672536
1537,United Kingdom,GBR,-1.140111736705009,-0.22549997379425635
1538,United Kingdom,GBR,-1.0065162167732669,-0.22548169015564815
1539,United Kingdom,GBR,-0.8729206968415246,-0.22546340651703997
1540,United Kingdom,GBR,-0.7393251769097824,-0.2254268392398236
1541,United Kingdom,GBR,-0.60572965697804,-0.22539027196260722
1542,United Kingdom,GBR,-0.4721341370462978,-0.22533542104678264
1543,United Kingdom,GBR,-0.3385386171145555,-0.2252805701309581
1544,United Kingdom,GBR,-0.20494309718281326,-0.2252074355765253
1545,United Kingdom,GBR,-0.07134757725107096,-0.22511601738348436
1546,United Kingdom,GBR,0.06224794268067132,-0.2250428828290516
1547,United Kingdom,GBR,0.1958434626124136,-0.22379959540369468
1548,United Kingdom,GBR,0.3294389825441559,-0.20725290246328298
1549,United Kingdom,GBR,0.46303450247589817,-0.19348532259131612
1550,United Kingdom,GBR,0.5966300224076404,-0.17183749447921945
1551,United Kingdom,GBR,0.7302255423393827,-0.12446458684539986
1552,United Kingdom,GBR,0.863821062271125,-0.04999132267738788
1553,United Kingdom,GBR,0.9974165822028672,-0.007705270693500227
1554,United Kingdom,GBR,1.1310121021346096,0.0077626875690282905
1555,United Kingdom,GBR,1.2646076220663518,0.013485466453391689
1556,United Kingdom,GBR,1.398203141998094,0.01847689979342748
1557,United Kingdom,GBR,1.5317986619298365,0.020606578018509406
1558,United Kingdom,GBR,1.6653941818615787,0.02474818783603656
1559,United States,USA,-1.6744938164319783,-0.2252823984948189
1560,United States,USA,-1.540898296500236,-0.22526959994779316
1561,United States,USA,-1.4073027765684938,-0.22525862976462824
1562,United States,USA,-1.2737072566367516,-0.22523303267057676
1563,United States,USA,-1.140111736705009,-0.22231862067643132
1564,United States,USA,-1.0065162167732669,-0.22164212604792832
1565,United States,USA,-0.8729206968415246,-0.22087421322638434
1566,United States,USA,-0.7393251769097824,-0.22017943495927314
1567,United States,USA,-0.60572965697804,-0.21889958025669987
1568,United States,USA,-0.4721341370462978,-0.21652270723763517
1569,United States,USA,-0.3385386171145555,-0.21277456132295627
1570,United States,USA,-0.20494309718281326,-0.20772827706709593
1571,United States,USA,-0.07134757725107096,-0.20445550575622995
1572,United States,USA,0.06224794268067132,-0.19602674835785447
1573,United States,USA,0.1958434626124136,-0.17234943636024877
1574,United States,USA,0.3294389825441559,-0.13097356218991543
1575,United States,USA,0.46303450247589817,-0.07676257371663284
1576,United States,USA,0.5966300224076404,-0.010539234677769625
1577,United States,USA,0.7302255423393827,0.066709138441832
1578,United States,USA,0.863821062271125,0.1709258785085135
1579,United States,USA,0.9974165822028672,0.37705562017724453
1580,United States,USA,1.1310121021346096,0.5306199008474302
1581,United States,USA,1.2646076220663518,0.6852080652796744
1582,United States,USA,1.398203141998094,0.8544414242370785
1583,United States,USA,1.5317986619298365,1.1240464740618619
1584,United States,USA,1.6653941818615787,1.4878783763560295
1585,Upper-middle-income countries,USA,-1.6744938164319783,-0.22533542104678264
1586,Upper-middle-income countries,USA,-1.540898296500236,-0.2252531446730458
1587,Upper-middle-income countries,USA,-1.4073027765684938,-0.22515258466070073
1588,Upper-middle-income countries,USA,-1.2737072566367516,-0.22500631555183523
1589,Upper-middle-income countries,USA,-1.140111736705009,-0.22466523421874854
1590,Upper-middle-income countries,USA,-1.0065162167732669,-0.22456024962071122
1591,Upper-middle-income countries,USA,-0.8729206968415246,-0.22419805073988297
1592,Upper-middle-income countries,USA,-0.7393251769097824,-0.22399418826081985
1593,Upper-middle-income countries,USA,-0.60572965697804,-0.22380217339673847
1594,Upper-middle-income countries,USA,-0.4721341370462978,-0.22261190852334528
1595,Upper-middle-income countries,USA,-0.3385386171145555,-0.22169937212041058
1596,Upper-middle-income countries,USA,-0.20494309718281326,-0.22088355616571315
1597,Upper-middle-income countries,USA,-0.07134757725107096,-0.21987601797657022
1598,Upper-middle-income countries,USA,0.06224794268067132,-0.2166672399493421
1599,Upper-middle-income countries,USA,0.1958434626124136,-0.2047954351652334
1600,Upper-middle-income countries,USA,0.3294389825441559,-0.16329506221452533
1601,Upper-middle-income countries,USA,0.46303450247589817,-0.0739850513247469
1602,Upper-middle-income countries,USA,0.5966300224076404,0.15661863875938728
1603,Upper-middle-income countries,USA,0.7302255423393827,0.38736344196629957
1604,Upper-middle-income countries,USA,0.863821062271125,0.6792732327547333
1605,Upper-middle-income countries,USA,0.9974165822028672,1.3636250355459596
1606,Upper-middle-income countries,USA,1.1310121021346096,2.4408163914942373
1607,Upper-middle-income countries,USA,1.2646076220663518,3.3728226755100756
1608,Upper-middle-income countries,USA,1.398203141998094,4.038944995830669
1609,Upper-middle-income countries,USA,1.5317986619298365,5.061878557190829
1610,Upper-middle-income countries,USA,1.6653941818615787,6.2045928059828865
1611,Vietnam,VNM,-1.140111736705009,-0.22553650450419552
1612,Vietnam,VNM,-1.0065162167732669,-0.22553456643850303
1613,Vietnam,VNM,-0.8729206968415246,-0.22553222613276122
1614,Vietnam,VNM,-0.7393251769097824,-0.2255291179141978
1615,Vietnam,VNM,-0.60572965697804,-0.2255228831934324
1616,Vietnam,VNM,-0.4721341370462978,-0.2255020764126963
1617,Vietnam,VNM,-0.3385386171145555,-0.22547393789287828
1618,Vietnam,VNM,-0.20494309718281326,-0.22547393789287828
1619,Vietnam,VNM,-0.07134757725107096,-0.22547393789287828
1620,Vietnam,VNM,0.06224794268067132,-0.22547227408176493
1621,Vietnam,VNM,0.1958434626124136,-0.22545393559224094
1622,Vietnam,VNM,0.3294389825441559,-0.22545393559224094
1623,Vietnam,VNM,0.46303450247589817,-0.22545393559224094
1624,Vietnam,VNM,0.5966300224076404,-0.22545393559224094
1625,Vietnam,VNM,0.7302255423393827,-0.2254398206232354
1626,Vietnam,VNM,0.863821062271125,-0.2254398206232354
1627,Vietnam,VNM,0.9974165822028672,-0.2254398206232354
1628,Vietnam,VNM,1.1310121021346096,-0.22539041823171607
1629,Vietnam,VNM,1.2646076220663518,-0.22361690528672168
1630,Vietnam,VNM,1.398203141998094,-0.13423737451786338
1631,Vietnam,VNM,1.5317986619298365,0.07907783712388633
1632,Vietnam,VNM,1.6653941818615787,0.07907783712388633
1633,World,OWID_WRL,-1.6744938164319783,-0.2223951848757942
1634,World,OWID_WRL,-1.540898296500236,-0.22129954057474424
1635,World,OWID_WRL,-1.4073027765684938,-0.21996072369736897
1636,World,OWID_WRL,-1.2737072566367516,-0.21779160272722672
1637,World,OWID_WRL,-1.140111736705009,-0.21075112932182655
1638,World,OWID_WRL,-1.0065162167732669,-0.20555278004366187
1639,World,OWID_WRL,-0.8729206968415246,-0.1992618736568262
1640,World,OWID_WRL,-0.7393251769097824,-0.18960864269722164
1641,World,OWID_WRL,-0.60572965697804,-0.16973525999568845
1642,World,OWID_WRL,-0.4721341370462978,-0.14238037692843145
1643,World,OWID_WRL,-0.3385386171145555,-0.11413080228952129
1644,World,OWID_WRL,-0.20494309718281326,-0.07000739089461942
1645,World,OWID_WRL,-0.07134757725107096,0.043773063437040904
1646,World,OWID_WRL,0.06224794268067132,0.19214343775324363
1647,World,OWID_WRL,0.1958434626124136,0.5119853992143492
1648,World,OWID_WRL,0.3294389825441559,1.094834156148399
1649,World,OWID_WRL,0.46303450247589817,1.6347383027195326
1650,World,OWID_WRL,0.5966300224076404,2.2834717857054216
1651,World,OWID_WRL,0.7302255423393827,2.9853843286015476
1652,World,OWID_WRL,0.863821062271125,3.8554374173754655
1653,World,OWID_WRL,0.9974165822028672,5.172321973221914
1654,World,OWID_WRL,1.1310121021346096,6.908858636004273
1655,World,OWID_WRL,1.2646076220663518,8.605676653619746
1656,World,OWID_WRL,1.398203141998094,10.46464549710497
1657,World,OWID_WRL,1.5317986619298365,12.760986401556002
1658,World,OWID_WRL,1.6653941818615787,15.189144295571097
